storeId,cityName,openStatus,openTime,storeName,storeStar,serviceStar,envStar,tasteStar,speedStar,isOpenNet,scrapeHour,scrapeDate,operatingStatus,tier,maxSeatPeople
380104,胡志明市,1,10:00AM-01:30AM,河内店,4.5,,,,,-1,15,8/26/2020,正在营业,International,
380101,胡志明市,1,10:00AM-01:30AM,胡志明金融塔店,4.5,,,,,-1,15,8/26/2020,正在营业,International,
380102,胡志明市,1,10:00AM-01:30AM,Vincom Center Dong K,4.5,,,,,-1,15,8/26/2020,正在营业,International,
380103,胡志明市,1,10:00AM-04:00AM,Crescent Mall,4.5,,,,,-1,15,8/26/2020,正在营业,International,
400101,吉隆坡,1,11:00AM-8:00PM,Sunway,4.5,,,,,-1,15,8/26/2020,正在营业,International,
400102,吉隆坡,1,11:00AM-8:00PM,Pavilion Branch,4.5,,,,,-1,15,8/26/2020,正在营业,International,
400104,吉隆坡,1,11:00AM-8:00PM,1 Utama,4.5,,,,,-1,15,8/26/2020,正在营业,International,
400105,吉隆坡,1,11:00AM-8:00PM,Sunway Velocity Bran,4.5,,,,,-1,15,8/26/2020,正在营业,International,
400201,槟城,1,11:00AM-8:00PM,槟城 Gurney Parago,4.5,,,,,-1,17,8/26/2020,正在营业,International,
190101,列治文市,1,11:00AM-12:00AM,Richmond店（列治文店）,4.5,,,,,-1,15,8/26/2020,正在营业,International,
330101,悉尼,1,11：30AM-8:00PM,Chatswood Branch,4.5,,,,,-1,15,8/26/2020,正在营业,International,
330302,墨尔本,1,11:00AM-10:00PM,Glen Waverley Branch,4.5,,,,,-1,15,8/26/2020,正在营业,International,
420101,曼谷,1,平日11:00-20:00 假日10:00-20:00,CTW中央商场,4.5,,,,,-1,15,8/26/2020,正在营业,International,
350101,伦敦,1,11:00AM-11:00PM,London Piccadilly Br,4.5,,,,,-1,15,8/26/2020,正在营业,International,
170105,首尔市,1,10:00AM-5:00AM,永登浦店,4.5,,,,,-1,15,8/26/2020,正在营业,International,
170103,首尔市,1,早10:00AM~5:00AM,Y’Z PARK店,4.5,,,,,-1,15,8/26/2020,正在营业,International,
170102,首尔市,1,早10:00AM~5:00AM,W Tower店,4.5,,,,,-1,15,8/26/2020,正在营业,International,
170101,首尔市,1,10:00AM-05:00AM,明洞mighty大厦店,4.5,,,,,-1,15,8/26/2020,正在营业,International,
170106,首尔市,1,10:00AM-5:00AM,大学路店,4.5,,,,,-1,15,8/26/2020,正在营业,International,
170104,首尔市,1,早10:00AM~5:00AM,Starcity youngzone店,4.5,,,,,-1,15,8/26/2020,正在营业,International,
020140,北京市,1,早10:00~次日03:00,龙湖大兴天街店,4.9,4.9,5.0,4.9,5.0,1,17,8/26/2020,正在营业,Tier 1,5
020142,北京市,1,早10:00~次日03:00,房山天街店,5.0,5.0,5.0,5.0,5.0,1,17,8/26/2020,正在营业,Tier 1,
020131,北京市,1,早10:00~次日03:00,星城商厦店,4.9,4.9,4.9,4.8,4.9,1,17,8/26/2020,正在营业,Tier 1,8
020159,北京市,1,早10:00~次日03:00,首开福茂店,4.9,4.9,4.9,4.9,4.9,0,17,8/26/2020,正在营业,Tier 1,8
020170,北京市,1,早10:00~次日03:00,马驹桥天和嘉园店,4.5,4.4,4.5,4.5,4.4,1,17,8/26/2020,正在营业,Tier 1,
020155,北京市,1,早10:30~晚上22:00,荟聚中心店,4.9,4.9,4.9,4.9,4.9,0,17,8/26/2020,正在营业,Tier 1,8
020171,北京市,1,早10.00~晚上22:00,永旺梦乐城店,5.0,5.0,5.0,5.0,5.0,0,17,8/26/2020,正在营业,Tier 1,8
020174,北京市,11,早11:00~晚上22:00,住总万科广场店,4.9,4.9,4.9,4.9,4.9,1,17,8/26/2020,?,Tier 1,6
020133,北京市,1,早10:00~次日0:00,亦庄力宝店,4.9,4.9,4.9,4.9,4.9,1,17,8/26/2020,正在营业,Tier 1,
020136,北京市,1,早10:00~次日07：00,爱琴海购物公园店,5.0,4.9,5.0,5.0,5.0,1,17,8/26/2020,正在营业,Tier 1,
020146,北京市,1,早9:00~次日07:00,公益西桥华联店,4.9,4.9,4.9,4.9,4.9,1,17,8/26/2020,正在营业,Tier 1,6
020158,北京市,1,早10:00~次日07:00,马家堡新荟城店,4.8,4.8,4.9,4.8,4.9,1,17,8/26/2020,正在营业,Tier 1,8
020154,北京市,1,早10:00~次日07:00,合生广场店,4.9,4.9,4.9,4.9,4.9,1,17,8/26/2020,正在营业,Tier 1,8
020127,北京市,1,早10:00~次日07:00,万丰桥店,4.9,4.8,4.9,4.9,4.9,1,17,8/26/2020,正在营业,Tier 1,8
020163,北京市,1,早10:00~次日07:00,居然之家丽泽桥店,4.8,4.8,4.8,4.8,4.8,1,17,8/26/2020,正在营业,Tier 1,8
020116,北京市,1,早10:00~次日7:00,方庄店,4.9,4.9,4.9,5.0,5.0,1,17,8/26/2020,正在营业,Tier 1,
020164,北京市,1,早10:00~次日7:00,新年华购物中心,4.9,4.9,4.9,4.8,4.9,0,17,8/26/2020,正在营业,Tier 1,8
020145,北京市,1,早10:00~次日03:00,银座和谐广场店,5.0,5.0,4.9,5.0,5.0,1,17,8/26/2020,正在营业,Tier 1,8
020165,北京市,1,早10:00~次日03:00,大成路店,4.9,4.9,4.9,4.9,4.9,1,17,8/26/2020,正在营业,Tier 1,8
020179,北京市,1,早10：00~次日03：00,Plus365 购物中心店,4.9,4.9,4.9,4.9,4.8,1,17,8/26/2020,正在营业,Tier 1,8
020111,北京市,1,早10:00~次日07:00,石景山店,5.0,4.9,5.0,4.9,5.0,1,17,8/26/2020,正在营业,Tier 1,
020103,北京市,1,早10:30~次日07:00,劲松店,4.9,4.8,4.9,4.9,4.9,1,17,8/26/2020,正在营业,Tier 1,8
020134,北京市,1,早10:30~次日02:00,新世界百货店,4.8,4.8,4.8,4.8,4.9,1,17,8/26/2020,正在营业,Tier 1,6
020135,北京市,1,早10:00~晚上22:00,喜隆多店,4.9,4.8,4.9,4.9,4.9,0,17,8/26/2020,正在营业,Tier 1,8
020113,北京市,1,早10:00~次日03:00,翠微路店,4.9,4.9,4.9,4.9,4.9,1,17,8/26/2020,正在营业,Tier 1,
020106,北京市,1,早10:30~凌晨03:00,西单店,4.9,4.9,4.9,4.9,4.9,1,17,8/26/2020,正在营业,Tier 1,
020161,北京市,1,上午9:00~23:30,王府井银泰in88店,4.9,4.8,4.8,4.9,4.9,1,17,8/26/2020,正在营业,Tier 1,
020149,北京市,5,早10:00-凌晨6:00,华贸中心店,4.8,4.8,4.8,4.8,4.9,0,17,8/26/2020,?,Tier 1,
020144,北京市,1,早10:00~次日7:00,海底捞智慧餐厅（中骏世界城店）,4.8,4.8,4.8,4.8,4.8,1,17,8/26/2020,正在营业,Tier 1,
020183,北京市,1,早上09:00-次日凌晨 7:00,十里堡万科时代中心店,4.7,4.6,4.7,4.7,4.7,1,17,8/26/2020,正在营业,Tier 1,8
020130,北京市,1,早11:00~次日03:00,通州华联店,4.9,4.9,4.9,4.9,4.9,1,17,8/26/2020,正在营业,Tier 1,8
020148,北京市,1,早10:00~次日07:00,复星国际中心店,4.9,4.8,4.9,4.9,4.9,1,17,8/26/2020,正在营业,Tier 1,8
020137,北京市,1,早10:00~次日07:00,三里屯SOHO店,4.9,4.9,4.9,4.9,4.9,1,17,8/26/2020,正在营业,Tier 1,8
020112,北京市,1,早10:00~次日07:00,紫竹桥店,4.9,4.9,4.9,4.9,4.9,1,17,8/26/2020,正在营业,Tier 1,8
020180,北京市,1,早上9:00-次日07:00,通厦康达广场店,4.8,4.8,4.7,4.8,4.8,1,17,8/26/2020,正在营业,Tier 1,8
020141,北京市,1,早10:00~次日07:00,常营华联店,4.9,4.8,4.9,4.9,4.9,0,17,8/26/2020,正在营业,Tier 1,8
020118,北京市,1,早9:00~次日07:00,西直门店,4.9,4.9,4.9,4.9,4.9,1,17,8/26/2020,正在营业,Tier 1,8
020114,北京市,1,早10:00~次日06:00,万柳店,4.9,4.9,5.0,4.9,5.0,1,17,8/26/2020,正在营业,Tier 1,8
020122,北京市,1,早10:00~次日03:00,太阳宫店,4.9,4.9,4.9,4.8,4.9,1,17,8/26/2020,正在营业,Tier 1,
020102,北京市,1,早10:00~次日07:00,牡丹园店,4.9,4.9,4.9,4.9,5.0,1,17,8/26/2020,正在营业,Tier 1,8
020151,北京市,1,早10:30-凌晨7:00,望京新世界百货店,4.5,,,,,1,17,8/26/2020,正在营业,Tier 1,
020126,北京市,12,早10:00--晚23:00,望京港旅店,4.9,4.9,4.9,4.9,4.9,0,17,8/26/2020,装修升级,Tier 1,
020157,北京市,12,早10:00~次日00:00,望京新荟城店,4.8,4.8,4.8,4.7,4.8,1,17,8/26/2020,装修升级,Tier 1,
020123,北京市,1,早09:00~次日07:00,大屯北路店,4.8,4.8,4.8,4.8,4.8,1,17,8/26/2020,正在营业,Tier 1,
020160,北京市,1,早10:00~次日0:00,国奥村店,4.9,4.9,4.9,4.9,5.0,1,17,8/26/2020,正在营业,Tier 1,
020143,北京市,1,早9:00~次日07:00,望京华彩店,4.9,4.8,4.9,4.9,4.9,1,17,8/26/2020,正在营业,Tier 1,8
020132,北京市,1,早10:00~次日03:00,上地华联店,4.8,4.8,4.8,4.8,4.8,1,17,8/26/2020,正在营业,Tier 1,8
020139,北京市,1,早10:00~次日05:00,五彩城店,4.8,4.8,4.9,4.8,4.8,0,17,8/26/2020,正在营业,Tier 1,
020152,北京市,1,早9:00~次日03:00,华贸天地店,4.9,4.9,5.0,4.9,4.9,1,17,8/26/2020,正在营业,Tier 1,8
020166,北京市,1,早10:00~次日03:00,万优汇店,5.0,5.0,5.0,4.9,5.0,1,17,8/26/2020,正在营业,Tier 1,4
020167,北京市,1,早10:30~次日07:00,龙旗广场店,4.9,4.8,5.0,4.9,4.9,1,17,8/26/2020,正在营业,Tier 1,
020138,北京市,1,早10:00~次日07:00,回龙观店,4.9,4.9,4.9,4.9,4.9,1,17,8/26/2020,正在营业,Tier 1,8
020120,北京市,1,早10:00~次日3:00,天通苑店,4.8,4.7,4.9,4.8,4.9,1,17,8/26/2020,正在营业,Tier 1,6
020129,北京市,1,早10:00~次日07:00,顺义华联店,4.9,4.8,4.9,4.9,4.9,1,17,8/26/2020,正在营业,Tier 1,8
020156,北京市,1,早10:00~次日07:00,聚乐汇店,4.9,4.9,4.9,4.9,4.9,1,17,8/26/2020,正在营业,Tier 1,8
020173,北京市,1,早10:00~次日3:00,路劲世界城店,4.8,4.8,4.8,4.8,4.9,1,17,8/26/2020,正在营业,Tier 1,8
020162,北京市,1,早10:00~晚上24:00,平谷华联店,4.8,4.8,4.8,4.9,4.8,1,17,8/26/2020,正在营业,Tier 1,4
020172,北京市,1,早10:00~晚上22:00,怀柔京北店,4.9,4.8,4.9,4.9,4.9,1,17,8/26/2020,正在营业,Tier 1,6
020153,北京市,1,早10:00~晚上22:00,万象汇店,4.9,4.8,4.9,4.9,4.9,0,17,8/26/2020,正在营业,Tier 1,
020147,北京市,5,早10:00~晚上22:00,朗福广场店,4.8,4.7,4.8,4.8,4.8,1,17,8/26/2020,?,Tier 1,8
220106,横滨市,1,11:00AM-10:00PM,横滨店,4.5,,,,,-1,17,8/26/2020,正在营业,International,
030215,天津市,1,早10:00~次日01:00,吾悦广场店,4.9,4.8,4.9,4.9,4.9,1,15,8/26/2020,正在营业,Tier 2,
030218,天津市,1,早10:00~次日03:00,印象城店,4.9,4.8,4.9,4.9,4.9,1,15,8/26/2020,正在营业,Tier 2,
030222,天津市,1,早10:00~凌晨03:00,永旺梦乐城店,4.8,4.7,4.9,4.8,4.8,1,15,8/26/2020,正在营业,Tier 2,
030219,天津市,1,早10:00~次日07:00,金元宝东方广场店,4.9,4.9,4.9,4.9,4.9,1,15,8/26/2020,正在营业,Tier 2,
030209,天津市,1,早10:00~次日03:00,鲁能城店,5.0,4.9,5.0,5.0,5.0,1,15,8/26/2020,正在营业,Tier 2,
030217,天津市,1,早10:30~次日07:00,恒基广场店,4.9,4.9,4.9,4.9,4.9,1,15,8/26/2020,正在营业,Tier 2,
030220,天津市,1,早10:00~次日03:00,泰达生活馆店,4.9,4.9,4.9,4.9,4.9,1,15,8/26/2020,正在营业,Tier 2,
030203,天津市,1,早10:30~次日03:00,嘉茂店,4.9,4.9,4.9,4.9,4.9,1,15,8/26/2020,正在营业,Tier 2,
030201,天津市,1,早10:00~次日03:00,西湖道店,4.9,4.9,4.9,4.9,4.9,1,15,8/26/2020,正在营业,Tier 2,6
030213,天津市,1,早10:00~次日03:00,天津国贸店,4.9,4.9,4.9,4.9,4.9,1,15,8/26/2020,正在营业,Tier 2,
030204,天津市,1,早10:30~次日06:00,吉利大厦店,4.9,4.9,4.9,4.9,4.9,1,15,8/26/2020,正在营业,Tier 2,
030211,天津市,1,早10:00~次日06:00,米莱欧华清店,4.9,4.9,4.9,5.0,5.0,1,15,8/26/2020,正在营业,Tier 2,
030210,天津市,1,早10:00~次日03:00,熙悦汇店,4.9,4.8,4.9,4.8,4.9,1,15,8/26/2020,正在营业,Tier 2,
030208,天津市,1,早10:00~次日03:00,河东万达店,4.9,4.8,4.9,4.9,4.9,1,15,8/26/2020,正在营业,Tier 2,
030212,天津市,1,早10:30~次日03:00,陆家嘴店,4.9,4.9,4.9,4.9,4.9,1,15,8/26/2020,正在营业,Tier 2,
030207,天津市,1,早10:00~次日03:00,新开路店,4.9,4.9,5.0,4.9,4.9,1,15,8/26/2020,正在营业,Tier 2,
030221,天津市,1,早10:00~次日03:00,诗景广场店,4.9,4.9,4.9,4.9,4.9,1,15,8/26/2020,正在营业,Tier 2,
030225,天津市,1,9:00-凌晨3:00,滨海宝龙店,4.8,4.7,4.9,4.8,4.9,0,15,8/26/2020,正在营业,Tier 2,
030216,天津市,1,早10:30~次日03:00,天津SM城市广场店,4.9,4.8,4.8,4.9,4.9,1,15,8/26/2020,正在营业,Tier 2,
030214,天津市,1,早10:00~次日03:00,大光明中心店,4.9,4.9,4.9,4.9,4.9,0,15,8/26/2020,正在营业,Tier 2,
020407,石家庄市,1,早10:00~次日07:00,西美花街店,4.9,4.9,4.9,5.0,4.9,1,15,8/26/2020,正在营业,Tier 2,8
020404,石家庄市,1,早9:00~次日07:00,万达广场店,4.9,4.8,4.9,4.9,4.9,1,15,8/26/2020,正在营业,Tier 2,8
020402,石家庄市,1,早10:00~次日07:00,海悦天地店,4.9,4.9,4.9,4.8,4.9,1,15,8/26/2020,正在营业,Tier 2,8
020406,石家庄市,1,早10:00~次日03:00,天山海世界店,4.8,4.7,4.8,4.8,4.8,1,15,8/26/2020,正在营业,Tier 2,
020401,石家庄市,1,早10:00~次日07:00,勒泰店,4.9,4.8,4.9,4.9,4.9,1,15,8/26/2020,正在营业,Tier 2,8
020403,石家庄市,1,早10:30~次日05:00,东胜广场店,4.8,4.8,4.8,4.8,4.8,1,15,8/26/2020,正在营业,Tier 2,8
020405,石家庄市,1,早10:00~次日07:00,北辰广场店,4.8,4.8,4.8,4.8,4.9,1,15,8/26/2020,正在营业,Tier 2,
131702,唐山市,1,早10:00~次日05:00,万达店,4.8,4.8,4.8,4.8,4.8,1,15,8/26/2020,正在营业,Tier 3,
131701,唐山市,1,早10:00~次日05:00,爱琴海店,5.0,4.9,5.0,5.0,5.0,1,15,8/26/2020,正在营业,Tier 3,8
020702,秦皇岛市,1,早10:00~次日03:00,茂业中心店,4.9,4.8,4.9,4.9,4.9,1,15,8/26/2020,正在营业,Tier 3,
020701,秦皇岛市,1,早10:00~次日07:00,世纪港湾店,4.9,4.8,4.9,4.9,4.9,1,15,8/26/2020,正在营业,Tier 3,8
020501,邯郸市,1,早10:30次日07:00,新世纪店,4.9,4.8,4.9,4.9,4.9,1,15,8/26/2020,正在营业,Tier 3,8
020502,邯郸市,1,早9:00~次日07:00,天鸿广场店,4.9,4.8,4.9,4.9,4.9,1,15,8/26/2020,正在营业,Tier 3,
134101,邢台市,1,早10:30~次日03:00,逗号立方店,4.9,4.8,4.9,4.9,4.9,1,15,8/26/2020,正在营业,Tier 3,
132001,保定市,5,早上10:00~晚上22:00,万博广场店,4.9,4.9,4.9,4.9,5.0,1,15,8/26/2020,?,Tier 3,
132003,保定市,1,早10:00~次日03:00,未来石万达广场店,4.8,4.6,4.8,4.8,4.8,1,15,8/26/2020,正在营业,Tier 3,
132002,保定市,1,早10:00~次日07:00,北国先天下店,4.8,4.8,4.9,4.9,4.8,1,15,8/26/2020,正在营业,Tier 3,8
021301,承德市,1,上午10:00-凌晨03:00,金龙购物广场,4.8,4.8,4.8,4.8,4.9,1,15,8/26/2020,正在营业,Tier 3,
021201,沧州市,1,早10:30~次日07:00,华北商厦店,4.7,4.6,4.7,4.7,4.7,0,15,8/26/2020,正在营业,Tier 3,
021001,廊坊市,1,早10:00~次日07:00,廊坊万向城店,4.7,4.6,4.8,4.8,4.8,1,15,8/26/2020,正在营业,Tier 3,
132502,廊坊市,1,早10:00~凌晨24:00,永旺梦乐城店,4.9,4.9,4.9,4.9,4.9,1,15,8/26/2020,正在营业,Tier 3,
132501,廊坊市,1,早10:00~次日7:00,天洋广场店,4.9,4.9,4.9,4.9,4.9,1,15,8/26/2020,正在营业,Tier 3,8
021401,衡水市,1,早10:00~22:30,衡百国际店,4.8,4.7,4.8,4.8,4.8,0,15,8/26/2020,正在营业,Tier 3,
130306,太原市,1,早11:00~次日07:00,太原华景天地店,4.9,4.9,4.9,4.9,4.9,1,15,8/26/2020,正在营业,Tier 2,
130305,太原市,1,早10:00~24:00,太原国金店,4.9,4.8,4.9,4.9,4.9,0,15,8/26/2020,正在营业,Tier 2,8
130303,太原市,14,早11:00~晚上21:00,长风百盛店,4.9,4.9,4.9,4.9,4.9,0,15,8/26/2020,暂停营业,Tier 2,8
130302,太原市,1,早上10:30-晚上24:00,亲贤北街店,4.9,4.9,4.9,4.9,4.9,0,15,8/26/2020,正在营业,Tier 2,
130301,太原市,1,早9:00~凌晨03:00,千峰路店,4.9,4.9,4.9,4.9,5.0,0,15,8/26/2020,正在营业,Tier 2,8
130304,太原市,1,早10:00~次日01:00,铜锣湾店,4.8,4.8,4.9,4.9,4.9,0,15,8/26/2020,正在营业,Tier 2,
134001,长治市,1,早10:00~次日07:00,长治潞鼎广场店,4.9,4.9,4.9,4.9,4.9,0,15,8/26/2020,正在营业,Tier 3,8
135101,晋城市,1,上午9：00-凌晨7：00,凤展新时代广场店,4.8,4.7,4.8,4.8,4.8,0,15,8/26/2020,正在营业,Tier 3,8
135001,晋中市,1,早9:00~次日07:00,晋中田森汇店,4.7,4.7,4.8,4.8,4.7,1,15,8/26/2020,正在营业,Tier 3,8
135201,运城市,1,早9:00-凌晨3:00,运城一店,4.8,4.7,4.8,4.8,4.8,0,15,8/26/2020,正在营业,Tier 3,
133401,临汾市,1,早10:00~次日01:00,悦汇时光颂店,4.9,4.9,4.9,4.9,4.9,0,15,8/26/2020,正在营业,Tier 3,
480101,呼和浩特市,1,早10:00~凌晨3:00,振华店,4.7,4.6,4.7,4.8,4.8,1,15,8/26/2020,正在营业,Tier 2,
480106,呼和浩特市,1,早10:30~次日03:00,摩尔城店,4.8,4.6,4.8,4.8,4.8,1,15,8/26/2020,正在营业,Tier 2,
480107,呼和浩特市,1,上午9:00-次日凌晨7:00,呼和浩特维多利喜悦汇店,4.5,4.4,4.5,4.6,4.6,1,15,8/26/2020,正在营业,Tier 2,8
480105,包头市,1,早9:00~次日07:00,摩尔城店,4.9,4.9,4.9,4.9,4.9,1,15,8/26/2020,正在营业,Tier 3,
480104,包头市,1,早9:00~次日07:00,青山万达广场店,4.9,4.8,4.9,4.9,4.9,1,15,8/26/2020,正在营业,Tier 3,
480102,鄂尔多斯市,5,早10:00~晚上23:00,星河cococity店,4.9,4.8,4.9,4.9,4.9,1,15,8/26/2020,?,Tier 3,
480103,鄂尔多斯市,1,早10:30~晚上22:00,万达店,4.8,4.8,4.9,4.9,4.8,1,15,8/26/2020,正在营业,Tier 3,8
020208,沈阳市,1,早10:00~次日03:00,花园城店,4.8,4.8,4.9,4.9,4.8,1,15,8/26/2020,正在营业,Tier 2,8
020204,沈阳市,13,早10:30~次日03:00,铁西万达店,4.9,4.9,4.9,4.9,4.9,0,15,8/26/2020,迁址停业,Tier 2,8
020205,沈阳市,1,早10:00~次日03:00,万象汇店,4.9,4.8,4.9,4.9,4.9,1,15,8/26/2020,正在营业,Tier 2,6
020207,沈阳市,1,早10:00~凌晨3:00,印象城店,4.9,4.8,4.9,4.9,4.9,1,15,8/26/2020,正在营业,Tier 2,
020202,沈阳市,1,早10:00~02：00,大悦城店,4.9,4.8,4.9,4.9,4.9,1,15,8/26/2020,正在营业,Tier 2,8
132102,大连市,1,早10:30~次日03:00,和平广场店,4.9,4.8,4.9,4.9,4.9,1,15,8/26/2020,正在营业,Tier 2,8
132101,大连市,1,早10:00~次日03:00,西安路店,4.9,4.9,4.9,4.9,4.9,1,15,8/26/2020,正在营业,Tier 2,8
132103,大连市,1,早10:00~次日0:00,大商新玛特大连商场店,4.9,4.8,4.9,4.9,4.9,1,15,8/26/2020,正在营业,Tier 2,8
132105,大连市,1,早10:00~次日03:00,亿合城购物中心店,4.9,4.9,5.0,5.0,4.9,1,15,8/26/2020,正在营业,Tier 2,8
132104,大连市,1,早10:00~凌晨03:00,安盛购物广场店,4.9,4.8,4.9,4.9,4.9,1,15,8/26/2020,正在营业,Tier 2,8
132203,长春市,1,早10:00~次日02:00,活力汇店,4.8,4.7,4.8,4.8,4.9,1,15,8/26/2020,正在营业,Tier 2,8
132207,长春市,1,早10:00~次日03:00,中东七彩城店,4.9,4.8,4.9,4.9,4.8,1,15,8/26/2020,正在营业,Tier 2,8
132204,长春市,1,早10:00~次日03:00,摩天活力城店,4.9,4.8,4.9,4.9,4.9,1,15,8/26/2020,正在营业,Tier 2,
132202,长春市,1,早10:00~次日03:00,万达店,5.0,4.9,5.0,5.0,5.0,1,15,8/26/2020,正在营业,Tier 2,
132201,长春市,1,早10:00~次日03:00,活力城店,4.8,4.8,4.9,4.8,4.9,1,15,8/26/2020,正在营业,Tier 2,8
132205,长春市,1,早10：00~次日03：00,新天地购物公园店,4.7,4.7,4.7,4.8,4.7,1,15,8/26/2020,正在营业,Tier 2,
132206,长春市,1,早10:00~次日03:00,宽城万达店,4.8,4.7,4.8,4.8,4.9,1,15,8/26/2020,正在营业,Tier 2,8
020602,哈尔滨市,1,早10:00~凌晨3:00,西城红场店,4.9,4.8,4.9,4.9,4.9,1,15,8/26/2020,正在营业,Tier 2,8
020605,哈尔滨市,1,早10:00~次日03:00,哈尔滨群力银泰城店,4.8,4.7,4.8,4.8,4.8,1,15,8/26/2020,正在营业,Tier 2,8
020603,哈尔滨市,1,早10:00~凌晨03:00,凯德广场店,5.0,5.0,5.0,5.0,5.0,1,15,8/26/2020,正在营业,Tier 2,8
020606,哈尔滨市,1,早10:00~次日凌晨03:00,顾乡凯德店,4.9,4.9,4.9,5.0,4.9,1,15,8/26/2020,正在营业,Tier 2,8
020604,哈尔滨市,1,早10:00~次日03:00,松雷店,4.9,4.9,4.9,4.9,4.9,1,15,8/26/2020,正在营业,Tier 2,
020601,哈尔滨市,1,早10:00~次日07:00,中央公园店,4.9,4.9,4.9,4.9,4.9,1,15,8/26/2020,正在营业,Tier 2,
070101,大庆市,1,早10:00~次日00:00,让胡路万达店,4.8,4.7,4.9,4.9,4.9,1,15,8/26/2020,正在营业,Tier 3,8
040139,上海市,1,早10:00~次日0:00,金山百联店,4.9,4.9,4.9,4.9,4.9,1,17,8/26/2020,正在营业,Tier 1,8
040128,上海市,1,早10:30~次日03:00,中山中路店,4.9,4.9,4.9,4.9,4.9,1,17,8/26/2020,正在营业,Tier 1,8
040121,上海市,1,早10:00~次日06:00,新松江路店,5.0,4.9,5.0,5.0,5.0,1,17,8/26/2020,正在营业,Tier 1,
040138,上海市,1,早10:00~次日03:00,光星路店,4.9,4.9,4.9,4.9,4.9,1,17,8/26/2020,正在营业,Tier 1,8
040156,上海市,1,早10:30~次日06:00,南中路金叶广场店,4.8,4.8,4.7,4.8,4.8,1,17,8/26/2020,正在营业,Tier 1,8
040125,上海市,1,早10:00~次日07:00,南奉公路店,4.9,4.8,4.9,4.9,4.9,1,17,8/26/2020,正在营业,Tier 1,
040130,上海市,1,早10:30~次日03:00,青浦宝龙店,4.9,4.9,5.0,5.0,5.0,1,17,8/26/2020,正在营业,Tier 1,
040178,上海市,1,早10：00-次日凌晨7：00,明中广场店,4.5,,,,,1,17,8/26/2020,正在营业,Tier 1,8
040134,上海市,1,早10:00~次日03:00,松江亚繁亚乐城店,4.8,4.8,4.8,4.8,4.8,1,17,8/26/2020,正在营业,Tier 1,8
040168,上海市,1,早10:30~次日3:00,满天星广场店,5.0,5.0,4.9,5.0,5.0,1,17,8/26/2020,正在营业,Tier 1,
040132,上海市,1,早10:00~次日03:00,龙盛广场店,4.8,4.8,4.8,4.8,4.9,1,17,8/26/2020,正在营业,Tier 1,8
040171,上海市,1,早10:00~次日03:00,浦江万达店,4.8,4.6,4.8,4.8,4.8,1,17,8/26/2020,正在营业,Tier 1,8
040141,上海市,1,早10:00~次日03:00,绚荟城店,4.8,4.7,4.9,4.9,4.9,1,17,8/26/2020,正在营业,Tier 1,8
040152,上海市,1,早10:00~次日03:00,七莘红点城店,4.9,4.8,4.9,4.9,4.9,1,17,8/26/2020,正在营业,Tier 1,8
040131,上海市,1,早10:00~次日0:00,七莘路店,4.8,4.9,4.8,4.8,4.9,1,17,8/26/2020,正在营业,Tier 1,
040126,上海市,1,早10:30~次日03:00,漕宝路店,4.9,4.9,4.9,4.9,4.9,1,17,8/26/2020,正在营业,Tier 1,8
040111,上海市,1,早11:00~次日12:00,龙茗路店,4.8,4.7,4.9,4.8,4.9,1,17,8/26/2020,正在营业,Tier 1,8
040143,上海市,5,早10:00~次日01:00,舟虹路店,4.9,4.9,4.9,4.9,5.0,1,17,8/26/2020,?,Tier 1,8
040129,上海市,1,早10:30~次日03:00,三德广场店,4.7,4.7,4.8,4.8,4.7,1,17,8/26/2020,正在营业,Tier 1,8
040133,上海市,1,早10:00~次日07:00,中骏广场店,4.8,4.7,4.9,4.9,4.8,1,17,8/26/2020,正在营业,Tier 1,8
040172,上海市,1,早10:00~次日07:00,爱琴海店,4.8,4.8,4.8,4.8,4.8,1,17,8/26/2020,正在营业,Tier 1,8
040101,上海市,1,早10:00~次日07:00,吴中路店,4.8,4.7,4.8,4.8,4.8,0,17,8/26/2020,正在营业,Tier 1,
040151,上海市,1,早10:30~次日03:00,西郊百联店,4.8,4.8,4.9,4.8,4.8,1,17,8/26/2020,正在营业,Tier 1,
040117,上海市,1,早11:00~次日03:00,江桥万达店,4.9,4.9,4.9,4.9,4.9,1,17,8/26/2020,正在营业,Tier 1,8
040169,上海市,1,早10:00~次日07:00,古北时尚店,4.9,4.9,4.9,4.9,4.9,1,17,8/26/2020,正在营业,Tier 1,
040145,上海市,1,早10:00~次日03:00,天山西路店,4.2,4.2,4.2,4.2,4.3,1,17,8/26/2020,正在营业,Tier 1,
040161,上海市,1,早10:00~次日6:00,汇金百货店,4.8,4.8,4.8,4.8,4.8,1,17,8/26/2020,正在营业,Tier 1,8
040166,上海市,1,早10:30~次日03:00,金沙和美店,4.8,4.8,4.8,4.8,4.8,1,17,8/26/2020,正在营业,Tier 1,
040119,上海市,1,早10:30~次日07:00,118广场店,4.9,4.9,4.8,4.8,4.9,1,17,8/26/2020,正在营业,Tier 1,8
040113,上海市,1,早10:30~次日02:00,华山路店,4.9,4.9,4.9,4.9,4.9,0,17,8/26/2020,正在营业,Tier 1,8
040149,上海市,1,早10:00~次日02:00,周浦永乐广场店,4.7,4.7,4.7,4.8,4.8,1,17,8/26/2020,正在营业,Tier 1,
040173,上海市,1,早10:00~次日05:00,大渡河路店,4.9,5.0,4.9,4.9,4.9,1,17,8/26/2020,正在营业,Tier 1,
040146,上海市,1,早10:00~次日03:00,长宁路店,4.9,4.9,4.9,4.9,4.9,1,17,8/26/2020,正在营业,Tier 1,
040137,上海市,1,早10:00~次日05:00,曹安公路店,4.8,4.8,4.9,4.8,4.8,1,17,8/26/2020,正在营业,Tier 1,
040127,上海市,1,早10:00~次日03:00,嘉定万达店,4.9,4.9,4.9,4.9,4.9,1,17,8/26/2020,正在营业,Tier 1,8
040136,上海市,1,早10:30~次日03:00,南翔太茂商业广场,4.9,4.9,4.9,4.9,4.8,1,17,8/26/2020,正在营业,Tier 1,8
040107,上海市,1,早10:00~次日07:00,打浦路店,4.9,4.9,4.9,4.9,4.9,1,17,8/26/2020,正在营业,Tier 1,8
040122,上海市,1,早10:30~次日03:00,大融城店,4.7,4.7,4.8,4.7,4.7,1,17,8/26/2020,正在营业,Tier 1,
040123,上海市,1,早10:00~次日05:00,淮海路店,4.9,4.9,4.9,4.9,4.9,0,17,8/26/2020,正在营业,Tier 1,8
040165,上海市,1,早10:30~次日03:00,沪南路店,4.9,4.8,4.9,4.9,4.8,1,17,8/26/2020,正在营业,Tier 1,
040105,上海市,1,早9:00~次日07:00,长寿路店,4.9,4.9,4.9,4.9,4.9,1,17,8/26/2020,正在营业,Tier 1,
040106,上海市,1,早9:00~次日7:00,北京西路店,4.9,4.9,4.9,4.9,4.9,1,17,8/26/2020,正在营业,Tier 1,8
040118,上海市,1,早10:00~次日07:00,大华一路,4.8,4.7,4.8,4.8,4.8,1,17,8/26/2020,正在营业,Tier 1,8
040177,上海市,5,早10:00~晚上22:00,世茂广场店,4.9,4.8,4.8,4.9,4.9,1,17,8/26/2020,?,Tier 1,8
040115,上海市,5,早10:00~次日0:00,人民广场店,4.9,4.8,4.9,4.9,4.9,0,17,8/26/2020,?,Tier 1,8
040180,上海市,15,早10:00~次日02：00,城北路店,4.5,,,,,0,17,8/26/2020,试运 营,Tier 1,8
040114,上海市,12,早11:00~次日0:00,浦建路店,4.8,4.8,4.8,4.8,4.8,1,17,8/26/2020,装修升级,Tier 1,9
040112,上海市,1,早9:00~次日07:00,沪太路店,4.9,4.8,4.9,4.9,4.9,1,17,8/26/2020,正在营业,Tier 1,
040142,上海市,1,早11:00~次日05:00,外滩店,4.9,4.8,4.9,4.9,4.9,1,17,8/26/2020,正在营业,Tier 1,8
040159,上海市,1,早10:00~晚上23:30,柳营路店,4.9,4.9,4.9,4.9,4.9,1,17,8/26/2020,正在营业,Tier 1,8
040124,上海市,1,早10:30~次日03:00,静安大融城店,4.8,4.7,4.8,4.8,4.8,1,17,8/26/2020,正在营业,Tier 1,8
040109,上海市,1,早10:30~次日07:00,张杨路店,4.8,4.8,4.9,4.9,4.8,1,17,8/26/2020,正在营业,Tier 1,
040170,上海市,1,早10:00~晚上21:00,览海国际店,4.9,4.9,4.9,4.9,4.9,1,17,8/26/2020,正在营业,Tier 1,
040135,上海市,1,早10:30~次日03:00,澄浏中路店,4.9,4.9,5.0,5.0,5.0,1,17,8/26/2020,正在营业,Tier 1,
040148,上海市,1,早10:30~次日00:00,龙阳广场店,4.8,4.6,4.8,4.8,4.8,1,17,8/26/2020,正在营业,Tier 1,8
040102,上海市,1,早10:30~次日03:00,海宁路店,4.9,4.9,4.9,4.9,4.9,1,17,8/26/2020,正在营业,Tier 1,
040162,上海市,1,早10:00~次日03:00,宝山经纬汇店,4.8,4.8,4.8,4.8,4.8,1,17,8/26/2020,正在营业,Tier 1,
040147,上海市,1,早10:30~次日03:00,芳甸路大拇指广场店,4.7,4.6,4.7,4.8,4.8,1,17,8/26/2020,正在营业,Tier 1,8
040174,上海市,1,早10:00~次日03:00,杨树浦路店,4.9,4.9,4.9,4.9,4.9,1,17,8/26/2020,正在营业,Tier 1,
040150,上海市,1,早10:00~次日03:00,场中路店,4.8,4.8,4.9,4.8,4.9,1,17,8/26/2020,正在营业,Tier 1,
040120,上海市,13,早10:30~次日01:00,控江路店,4.9,4.9,4.9,4.9,4.9,0,17,8/26/2020,迁址停业,Tier 1,
040181,上海市,1,10:00-04:00,柏树大厦店,4.5,,,,,1,17,8/26/2020,正在营业,Tier 1,8
040154,上海市,1,早10:00~次日07:00,博山东路店,4.9,4.9,4.9,4.9,4.9,1,17,8/26/2020,正在营业,Tier 1,8
040144,上海市,1,早10:00~次日04:00,宝山万达店,4.8,4.8,4.9,4.9,4.8,1,17,8/26/2020,正在营业,Tier 1,
040157,上海市,1,早10:30~次日03:00,百联滨江店,4.7,4.6,4.8,4.8,4.8,1,17,8/26/2020,正在营业,Tier 1,
040104,上海市,1,早10:30~次日03:00,逸仙路店,4.9,4.9,4.9,4.9,4.9,1,17,8/26/2020,正在营业,Tier 1,
040155,上海市,1,早11:00~次日0:00,宝龙广场店,4.9,4.9,4.8,4.9,4.9,1,17,8/26/2020,正在营业,Tier 1,
040153,上海市,1,早10:00~次日00:00,红太阳商业广场店,4.9,4.8,4.9,4.9,4.8,1,17,8/26/2020,正在营业,Tier 1,
040110,上海市,1,早10:30~次日03:00,五角场店,4.9,4.9,4.9,4.9,4.9,1,17,8/26/2020,正在营业,Tier 1,8
040140,上海市,1,早10:00~次日00:00,高科东路店,4.8,4.7,4.9,4.8,4.8,1,17,8/26/2020,正在营业,Tier 1,8
040167,上海市,1,早10:00~次日05:00,华夏东路店,4.8,4.8,4.9,4.8,4.8,1,17,8/26/2020,正在营业,Tier 1,8
040175,上海市,1,上午10:00-次日凌晨02:00,民星路店,4.5,4.4,4.6,4.6,4.5,1,17,8/26/2020,正在营业,Tier 1,8
040160,上海市,1,早10:00~次日01:00,曹路宝龙店,4.9,4.9,4.8,4.9,4.9,1,17,8/26/2020,正在营业,Tier 1,8
040158,上海市,1,早10:00~03:00,森兰商都店,4.9,4.9,4.9,4.9,4.9,1,17,8/26/2020,正在营业,Tier 1,
040163,上海市,1,早10:00~次日03:00,宝杨宝龙广场店,4.9,4.8,4.9,4.9,4.9,1,17,8/26/2020,正在营业,Tier 1,
040226,南京市,1,早10:00~次日03:00,高淳宝龙广场店,4.8,4.7,4.8,4.8,4.8,1,15,8/26/2020,正在营业,Tier 2,
040228,南京市,1,早10:00~次日05:00,溧水海乐城店,4.9,4.8,4.9,4.9,4.9,1,15,8/26/2020,正在营业,Tier 2,8
040222,南京市,1,早10:30~次日07:00,江宁万尚城店,4.8,4.8,4.8,4.8,4.8,1,15,8/26/2020,正在营业,Tier 2,8
040223,南京市,1,早10:30~次日:700,龙湾天街店,4.8,4.8,4.8,4.7,4.7,1,15,8/26/2020,正在营业,Tier 2,8
040221,南京市,1,早10:00~次日07:00,雨花世茂店,4.8,4.8,4.9,4.9,4.8,1,15,8/26/2020,正在营业,Tier 2,8
040210,南京市,1,早10:00~次日07:00,上元大街店,4.9,4.9,4.9,4.9,4.9,1,15,8/26/2020,正在营业,Tier 2,8
040229,南京市,1,早10:30~次日05:00,河西中央商场店,4.9,4.8,4.9,4.9,4.9,1,15,8/26/2020,正在营业,Tier 2,8
040214,南京市,1,早10:00~次日07:00,金鹰世界店,4.9,4.9,4.9,4.9,4.9,1,15,8/26/2020,正在营业,Tier 2,8
040201,南京市,1,早10:00~次日8:00,中山南路店,4.9,4.8,4.9,4.9,4.9,1,15,8/26/2020,正在营业,Tier 2,8
040216,南京市,1,早10:00~次日07:00,夫子庙店,4.8,4.8,4.8,4.9,4.9,1,15,8/26/2020,正在营业,Tier 2,8
040218,南京市,1,早10:00~次日07:00,清江苏宁广场店,4.8,4.8,4.9,4.8,4.8,1,15,8/26/2020,正在营业,Tier 2,
040225,南京市,1,早10:00~次日07:00,新街口新百店,4.8,4.8,4.8,4.8,4.8,1,15,8/26/2020,正在营业,Tier 2,
040203,南京市,1,早10:00~次日07:00,龙园西路店,4.8,4.8,4.8,4.9,4.8,1,15,8/26/2020,正在营业,Tier 2,8
040202,南京市,1,早10:00~次日07:00,太平南路店,4.9,4.9,4.9,4.9,4.9,1,15,8/26/2020,正在营业,Tier 2,8
040213,南京市,1,早10:00~次日7:00,新世界百货店,4.8,4.8,4.8,4.8,4.8,1,15,8/26/2020,正在营业,Tier 2,8
040211,南京市,1,早9:00~次日07:00,北京东路店,4.9,4.9,4.9,4.9,4.9,1,15,8/26/2020,正在营业,Tier 2,8
040205,南京市,1,早10:00-次日7：00,中环国际店,4.9,4.8,4.9,4.9,4.9,1,15,8/26/2020,正在营业,Tier 2,8
040212,南京市,1,早10:00~次日07:00,大观天地店,4.9,4.9,4.9,4.9,4.9,1,15,8/26/2020,正在营业,Tier 2,
040230,南京市,1,早10:00~次日凌晨3:00,佳源广场店,4.7,4.7,4.7,4.7,4.7,1,15,8/26/2020,正在营业,Tier 2,8
040219,南京市,1,早10:00~次日07:00,玉桥商业广场店,4.9,4.9,4.9,4.9,4.9,1,15,8/26/2020,正在营业,Tier 2,
040220,南京市,1,早10:00~次日07:00,红山路店,4.9,4.9,4.9,4.9,4.9,1,15,8/26/2020,正在营业,Tier 2,8
040224,南京市,1,早10:00~次日03:00,弘阳广场店,4.9,4.9,4.9,4.9,4.9,1,15,8/26/2020,正在营业,Tier 2,8
040217,南京市,1,早10:00~次日03:00,仙林大学城店,4.8,4.8,4.9,4.8,4.9,1,15,8/26/2020,正在营业,Tier 2,8
040227,南京市,1,早10:00~次日03:00,六合天街,4.8,4.8,4.8,4.8,4.8,1,15,8/26/2020,正在营业,Tier 2,8
091101,无锡市,1,早10:00~次日03:00,八佰伴店,4.9,4.9,4.9,4.9,4.9,1,15,8/26/2020,正在营业,Tier 2,8
040406,无锡市,1,早10:00~次日02:00,运河外滩店,4.8,4.8,4.8,4.9,4.8,1,15,8/26/2020,正在营业,Tier 2,
040402,无锡市,1,早10:00~次日05:00,茂业店,4.8,4.8,4.9,4.8,4.9,1,15,8/26/2020,正在营业,Tier 2,8
040401,无锡市,1,早10:00~次日05:00,县前西街店,4.8,4.7,4.8,4.8,4.8,1,15,8/26/2020,正在营业,Tier 2,8
040403,无锡市,1,早10:00~次日07:00,苏宁广场店,4.8,4.7,4.8,4.7,4.8,0,15,8/26/2020,正在营业,Tier 2,
040405,无锡市,1,早10:00~次日07:00,新之城广场店,4.9,4.9,4.9,4.9,4.9,0,15,8/26/2020,正在营业,Tier 2,
040404,无锡市,1,早10:00~次日04:00,京东广场店,4.9,4.8,4.9,4.9,4.9,1,15,8/26/2020,正在营业,Tier 2,8
040407,无锡市,1,早10:00~次日 4:00,梦享城店,4.8,4.7,4.8,4.8,4.8,1,15,8/26/2020,正在营业,Tier 2,8
091302,无锡市,1,早10:00~次日07:00,南门印象店,4.8,4.7,4.9,4.9,4.8,1,15,8/26/2020,正在营业,Tier 2,
091303,无锡市,1,早10：00-次日02：00,飞马水城店,4.9,4.9,4.9,4.9,4.9,1,15,8/26/2020,正在营业,Tier 2,8
091301,无锡市,1,早9:00~次日07:00,海澜财富中心店,4.9,4.9,4.9,4.9,4.9,1,15,8/26/2020,正在营业,Tier 2,
130703,徐州市,1,早10:00~次日07:00,天赋广场店,4.9,4.9,5.0,4.9,5.0,1,15,8/26/2020,正在营业,Tier 3,8
130705,徐州市,1,早10:00~次日3:00,新都生活广场店,4.9,4.8,4.9,4.9,4.9,1,15,8/26/2020,正在营业,Tier 3,
130704,徐州市,1,早10:00~次日07:00,徐州云龙万达广场店,4.9,4.9,4.9,4.9,4.9,1,15,8/26/2020,正在营业,Tier 3,
130701,徐州市,1,早10:00~次日07:00,和信广场店,4.9,4.9,4.9,4.9,5.0,1,15,8/26/2020,正在营业,Tier 3,
130707,徐州市,1,早10:30次日凌晨7:00,宏大财富广场店,4.8,4.8,4.8,4.8,4.8,1,15,8/26/2020,正在营业,Tier 3,
042601,常州市,1,早10:00~次日03:00,上河城店,4.9,4.8,4.9,4.9,4.8,1,15,8/26/2020,正在营业,Tier 3,
040807,常州市,1,早10:00~次日02:00,新天地店,4.9,4.8,4.9,4.9,4.9,1,15,8/26/2020,正在营业,Tier 3,
040803,常州市,1,早10:00~次日07:00,湖塘吾悦店,4.9,4.9,4.9,4.9,4.9,1,15,8/26/2020,正在营业,Tier 3,
040806,常州市,1,早10:00~次日04:00,弘阳生活广场店,4.9,4.9,4.9,4.9,4.9,0,15,8/26/2020,正在营业,Tier 3,
040804,常州市,1,早10:00~次日03:00,九洲新世界店,4.9,4.8,4.9,4.9,4.9,1,15,8/26/2020,正在营业,Tier 3,8
040805,常州市,1,早10:30~次日07:00,龙湖天街店,4.9,4.9,4.9,4.9,4.9,1,15,8/26/2020,正在营业,Tier 3,
040801,常州市,1,早9:00~次日07:00,吾悦店,4.9,4.9,4.9,4.9,4.9,1,15,8/26/2020,正在营业,Tier 3,8
040802,常州市,1,早10:00~次日07:00,丰臣国际店,4.8,4.8,4.9,4.9,4.9,1,15,8/26/2020,正在营业,Tier 3,
090114,苏州市,1,早10:00~次日03:00,爱琴海店,4.8,4.8,4.8,4.8,4.9,1,15,8/26/2020,正在营业,Tier 2,
090108,苏州市,1,早10:00~次日07:00,中山南路店,4.9,4.9,4.9,4.9,4.9,1,15,8/26/2020,正在营业,Tier 2,8
090111,苏州市,1,早10:00~次日01:00,新湖广场店,4.8,4.7,4.8,4.8,4.8,1,15,8/26/2020,正在营业,Tier 2,
090115,苏州市,1,早10:00~次日02:00,SM广场店,4.9,4.9,4.9,4.9,4.9,1,15,8/26/2020,正在营业,Tier 2,8
090105,苏州市,1,早10:00~次日03:00,东门町店,4.9,4.9,4.9,4.9,5.0,1,15,8/26/2020,正在营业,Tier 2,
090119,苏州市,1,早9:00~次日07:00,苏州悠方店,4.8,4.7,4.8,4.8,4.7,1,15,8/26/2020,正在营业,Tier 2,8
090107,苏州市,1,早10:00~次日01:00,金鹰国际购物中心店,4.8,4.8,4.9,4.8,4.8,1,15,8/26/2020,正在营业,Tier 2,8
090103,苏州市,1,早9:00~次日07:00,团结桥店,4.9,4.8,4.9,4.9,4.9,1,15,8/26/2020,正在营业,Tier 2,
090117,苏州市,1,早10:00~次日07:00,石路天虹店,4.9,4.8,4.9,4.9,4.9,1,15,8/26/2020,正在营业,Tier 2,8
090112,苏州市,1,早9:00~次日07:00,太阳广场店,4.9,4.9,4.9,4.9,5.0,1,15,8/26/2020,正在营业,Tier 2,8
090118,苏州市,1,早10:00~次日 3:00,观前街店,4.7,4.7,4.8,4.8,4.7,1,15,8/26/2020,正在营业,Tier 2,8
090109,苏州市,1,早10:00~次日07:00,平江万达店,4.9,4.8,4.9,4.8,4.9,1,15,8/26/2020,正在营业,Tier 2,
090104,苏州市,1,早10:30~次日07:00,苏雅路店,4.9,4.9,4.9,4.9,4.9,1,15,8/26/2020,正在营业,Tier 2,8
090113,苏州市,1,早10:00~次日03:00,邻瑞广场店,4.8,4.7,4.9,4.8,4.9,1,15,8/26/2020,正在营业,Tier 2,8
090116,苏州市,1,早10:00~次日02:00,丰隆城市生活广场店,4.8,4.7,4.8,4.8,4.8,1,15,8/26/2020,正在营业,Tier 2,8
090106,苏州市,1,早10:00~次日07:00,相城天虹店,4.9,4.9,4.9,4.9,4.9,1,15,8/26/2020,正在营业,Tier 2,8
090603,苏州市,1,上午9:00-次日凌晨7:00,经开万达店,4.8,4.7,4.8,4.8,4.8,1,15,8/26/2020,正在营业,Tier 2,
090602,苏州市,1,早10:00~次日07:00,九方城店,4.9,4.8,4.9,4.9,4.9,0,15,8/26/2020,正在营业,Tier 2,8
130502,苏州市,1,早10:30~次日04:00,捞品城店,4.9,4.9,4.9,4.9,4.9,1,15,8/26/2020,正在营业,Tier 2,
130503,苏州市,1,早10:30~次日03:00,方塔东街店,4.9,4.8,4.9,4.9,4.9,1,15,8/26/2020,正在营业,Tier 2,8
090703,苏州市,1,早上09:00--次日07:00,新城吾悦广场店,4.5,,,,,1,15,8/26/2020,正在营业,Tier 2,
090701,苏州市,1,早10:00~次日07:00,曼巴特店,4.8,4.8,4.8,4.8,4.8,1,15,8/26/2020,正在营业,Tier 2,8
090702,苏州市,1,早10:00~次日03:00,张家港万达店,4.9,4.8,4.9,4.9,4.9,1,15,8/26/2020,正在营业,Tier 2,
090306,南通市,1,早10:00~次日07:00,永旺梦乐城店,4.8,4.8,4.8,4.8,4.8,1,15,8/26/2020,正在营业,Tier 3,
090302,南通市,1,早10:00~次日07:00,中南百货店,4.8,4.7,4.8,4.8,4.8,1,15,8/26/2020,正在营业,Tier 3,
090304,南通市,1,早10:00~次日07:00,文峰广场,5.0,5.0,4.9,5.0,5.0,1,15,8/26/2020,正在营业,Tier 3,
090303,南通市,1,早10:00~次日05:00,八佰伴店,4.9,4.9,4.9,4.9,4.9,1,15,8/26/2020,正在营业,Tier 3,
090301,南通市,1,早10:00~次日07:00,金鹰店,4.9,4.9,4.9,4.9,4.9,1,15,8/26/2020,正在营业,Tier 3,
090901,南通市,1,早9:00~次日07:00,龙信广场店,4.9,4.8,4.9,4.9,4.9,1,15,8/26/2020,正在营业,Tier 3,
090308,南通市,1,早10:00~次日07:00,南通南山湖水街海底捞,4.8,4.7,4.9,4.8,4.8,1,15,8/26/2020,正在营业,Tier 3,
091801,南通市,1,早10:00~次日07:00,如皋新城吾悦广场店,4.8,4.8,4.8,4.8,4.7,1,15,8/26/2020,正在营业,Tier 3,
090305,南通市,1,早10:00~次日03:00,吾悦广场店,4.9,4.8,4.9,4.9,4.9,1,15,8/26/2020,正在营业,Tier 3,
090307,南通市,1,上午9:00——次日7:00,海安万达店,4.8,4.8,4.8,4.8,4.8,1,15,8/26/2020,正在营业,Tier 3,
091002,连云港市,1,早10:30~晚24：00,吾悦广场店,4.9,4.9,4.9,4.9,4.9,1,15,8/26/2020,正在营业,Tier 3,
091001,连云港市,1,早9:00~次日07:00,苏宁广场店,4.9,4.9,4.9,4.9,4.9,1,15,8/26/2020,正在营业,Tier 3,
091203,淮安市,1,早9:00~次日07:00,楚州万达广场店,4.8,4.7,4.8,4.8,4.8,1,15,8/26/2020,正在营业,Tier 3,
091202,淮安市,1,早9:00~次日07:00,淮安吾悦广场店,4.8,4.8,4.9,4.9,4.8,0,15,8/26/2020,正在营业,Tier 3,8
091201,淮安市,1,早9:00~次日07:00,苏宁广场店,4.8,4.8,4.9,4.9,4.8,1,15,8/26/2020,正在营业,Tier 3,8
090802,盐城市,1,早10:00~次日07:00,中南城店,4.9,4.9,4.9,4.9,4.9,1,15,8/26/2020,正在营业,Tier 3,8
090804,盐城市,1,早9:00~次日07:00,聚龙湖金鹰购物中心店,4.8,4.7,4.9,4.9,4.9,1,15,8/26/2020,正在营业,Tier 3,8
090803,盐城市,1,早10:00~次日07:00,宝龙广场店,4.9,4.8,4.9,4.9,4.9,1,15,8/26/2020,正在营业,Tier 3,
090801,盐城市,1,早9:00~次日07:00,北金鹰,4.9,4.9,4.9,4.9,4.9,1,15,8/26/2020,正在营业,Tier 3,8
040507,扬州市,1,早9:00~次日03:00,宝龙广场店,4.9,4.8,4.9,4.9,4.9,1,15,8/26/2020,正在营业,Tier 3,8
040505,扬州市,1,早9:00~次日02:00,京华城店,4.9,4.8,4.9,4.9,4.9,0,15,8/26/2020,正在营业,Tier 3,8
040504,扬州市,1,早10:00~次日07:00,三盛国际店,4.9,4.8,4.9,4.9,4.9,0,15,8/26/2020,正在营业,Tier 3,8
040503,扬州市,13,早10:00~次日03:00,印象汇店,5.0,5.0,5.0,4.9,5.0,0,15,8/26/2020,迁址停业,Tier 3,
040506,扬州市,1,早10:00~次日07:00,中集文昌店,4.9,4.9,4.9,4.9,4.9,1,15,8/26/2020,正在营业,Tier 3,
040508,扬州市,1,早10:00~次日03:00,江都金鹰店,4.8,4.6,4.8,4.8,4.8,1,15,8/26/2020,正在营业,Tier 3,
040509,扬州市,1,9:00至次日凌晨7:00,高邮世贸金街店,4.9,4.9,4.8,4.9,4.8,1,15,8/26/2020,正在营业,Tier 3,8
045101,镇江市,1,早09:00~次日07:00,吾悦广场店,4.8,4.8,4.8,4.8,4.8,1,15,8/26/2020,正在营业,Tier 3,
090401,镇江市,1,早10:00~次日07:00,常发广场店,4.8,4.8,4.9,4.9,4.9,1,15,8/26/2020,正在营业,Tier 3,8
090402,镇江市,1,早10:00~次日00:00,八佰伴店,4.9,4.9,4.9,4.9,4.9,1,15,8/26/2020,正在营业,Tier 3,
090403,镇江市,1,早10:00~次日03:00,凤凰广场店,4.9,4.9,4.9,4.9,4.9,1,15,8/26/2020,正在营业,Tier 3,8
041203,泰州市,1,早10:00~次日03:00,万达广场店,4.9,4.8,4.9,4.9,4.9,1,15,8/26/2020,正在营业,Tier 3,8
041204,泰州市,1,早10:00~次日07:00,泰州天虹购物中心店,4.8,4.8,4.9,4.9,4.8,1,15,8/26/2020,正在营业,Tier 3,
041201,泰州市,1,早10:00~次日03:00,稻河古街店,4.8,4.8,4.8,4.8,4.8,1,15,8/26/2020,正在营业,Tier 3,
041202,泰州市,1,早10:40~次日03:00,姜堰大道店,4.9,4.8,4.9,4.9,4.9,1,15,8/26/2020,正在营业,Tier 3,8
042202,宿迁市,1,早10:00~次日03:00,水韵城店,4.9,4.8,4.9,4.9,4.9,1,15,8/26/2020,正在营业,Tier 3,
042201,宿迁市,1,早10:00~次日03:00,万达广场店,4.9,4.8,4.9,4.9,4.9,1,15,8/26/2020,正在营业,Tier 3,
042203,宿迁市,1,早10:00-次日03:00,乐之地店,4.7,4.6,4.8,4.8,4.6,1,15,8/26/2020,正在营业,Tier 3,8
040318,杭州市,5,早10:00~次日07:00,富春新天地店,4.9,4.9,4.8,4.9,4.9,1,17,8/26/2020,?,Tier 2,8
040315,杭州市,1,早10:30~次日07:00,未来科技城万达广场店,4.8,4.7,4.8,4.8,4.8,1,17,8/26/2020,正在营业,Tier 2,8
040324,杭州市,1,早10:00-凌晨07：00,杭州中南乐游店,4.5,4.3,4.5,4.5,4.5,1,17,8/26/2020,正在营业,Tier 2,
040312,杭州市,1,早10:00~次日05:00,银隆百货店,4.9,4.9,4.9,4.9,4.9,1,17,8/26/2020,正在营业,Tier 2,
040304,杭州市,1,早10:00~次日07:00,金城店,5.0,4.9,5.0,5.0,5.0,1,17,8/26/2020,正在营业,Tier 2,8
040326,杭州市,1,早10:00~次日03:00,西溪银泰店,4.7,4.6,4.8,4.8,4.8,0,17,8/26/2020,正在营业,Tier 2,8
040320,杭州市,1,早9:00~次日07:00,九宜城店,4.9,4.8,4.9,4.9,4.9,1,17,8/26/2020,正在营业,Tier 2,8
040301,杭州市,1,早10:30~次日05:00,西湖店,4.9,4.8,4.9,4.9,4.8,0,17,8/26/2020,正在营业,Tier 2,8
040313,杭州市,1,早10:00–次日03:00,宝龙广场店,4.9,4.9,4.9,4.9,4.9,1,17,8/26/2020,正在营业,Tier 2,
040319,杭州市,1,早10:00~次日07:00,湖滨银泰店,4.9,4.8,4.9,4.9,4.9,0,17,8/26/2020,正在营业,Tier 2,8
040321,杭州市,1,早10:00~次日07:00,古墩路店,4.9,4.8,4.9,4.9,4.9,1,17,8/26/2020,正在营业,Tier 2,8
040316,杭州市,1,早10:00~次日04:00,铂澜大象城店,4.9,4.9,4.9,4.9,5.0,1,17,8/26/2020,正在营业,Tier 2,9
040305,杭州市,1,早10:00~次日05:00,庆春路店,4.8,4.8,4.8,4.8,4.8,1,17,8/26/2020,正在营业,Tier 2,8
040310,杭州市,1,早10:00~次日07:00,城西银泰店,4.8,4.8,4.9,4.9,4.8,1,17,8/26/2020,正在营业,Tier 2,8
040309,杭州市,1,早10:00~次日07:00,天虹广场店,4.9,4.9,4.9,4.9,4.9,0,17,8/26/2020,正在营业,Tier 2,
040323,杭州市,1,早10:00~次日02:00,归谷中心店,4.6,4.5,4.7,4.7,4.6,0,17,8/26/2020,正在营业,Tier 2,
040307,杭州市,1,早9:00~次日07:00,水晶城店,4.9,4.8,4.9,4.9,4.9,1,17,8/26/2020,正在营业,Tier 2,8
040317,杭州市,1,早10:00~次日7:00,杭州西田城店,4.8,4.8,4.9,4.8,4.8,1,17,8/26/2020,正在营业,Tier 2,
040303,杭州市,1,早10:00~次日05:00,绍兴路店,4.8,4.8,4.9,4.9,4.8,1,17,8/26/2020,正在营业,Tier 2,8
040322,杭州市,1,早10:00~次日07:00,拱墅万达店,4.8,4.7,4.9,4.8,4.8,1,17,8/26/2020,正在营业,Tier 2,8
040314,杭州市,1,早10:00~次日05：30,三花国际店,4.9,4.8,4.9,4.9,4.9,1,17,8/26/2020,正在营业,Tier 2,
040308,杭州市,1,早10:00~次日03:00,中大银泰城店,4.9,4.8,4.9,4.9,4.9,1,17,8/26/2020,正在营业,Tier 2,8
040306,杭州市,1,早10:00~次日05:00,下沙银泰店,4.8,4.8,4.9,4.9,4.9,1,17,8/26/2020,正在营业,Tier 2,8
040328,杭州市,1,早10:00~次日03:00,金沙印象城店,4.8,4.7,4.8,4.8,4.8,1,17,8/26/2020,正在营业,Tier 2,
040311,杭州市,1,早10:00~次日05:00,华元欢乐城店,4.9,4.9,4.9,4.9,4.9,0,17,8/26/2020,正在营业,Tier 2,8
090205,宁波市,1,早10:00~次日03:00,奉化银泰城店,4.7,4.6,4.8,4.7,4.7,1,17,8/26/2020,正在营业,Tier 2,8
250201,宁波市,1,早9:00~次日07:00,众安广场店,4.9,4.8,4.9,4.9,4.9,1,17,8/26/2020,正在营业,Tier 2,
090206,宁波市,1,早10:00~次日07:00,天童南路店,4.8,4.7,4.9,4.8,4.8,1,17,8/26/2020,正在营业,Tier 2,
090210,宁波市,1,早10:00~次日07:00,明州里店,4.8,4.7,4.8,4.8,4.8,1,17,8/26/2020,正在营业,Tier 2,8
090211,宁波市,1,早9:00~次日07:00,宝龙广场店,4.7,4.7,4.7,4.7,4.8,1,17,8/26/2020,正在营业,Tier 2,8
090201,宁波市,1,早10:00~次日07:00,亚细亚店,4.8,4.8,4.9,4.9,4.9,1,17,8/26/2020,正在营业,Tier 2,
090207,宁波市,1,早10:00~次日03:00,中山东路店,4.9,4.9,4.9,4.9,4.9,1,17,8/26/2020,正在营业,Tier 2,
090209,宁波市,1,早10:00~次日03:00,高鑫广场店,4.9,4.9,4.9,4.9,4.9,1,17,8/26/2020,正在营业,Tier 2,
090212,宁波市,5,早10:00~24:00,绿地中心店,4.9,4.8,4.9,4.9,4.9,1,17,8/26/2020,?,Tier 2,8
090208,宁波市,1,早10:00~次日04:00,天伦时代广场店,4.9,4.9,4.9,4.9,4.9,1,17,8/26/2020,正在营业,Tier 2,
090213,宁波市,1,早10:00~次日03:00,东部银泰店,4.7,4.6,4.8,4.7,4.7,1,17,8/26/2020,正在营业,Tier 2,8
091701,宁波市,1,早10:00~次日07:00,慈溪银泰城店,4.9,4.9,4.9,4.9,4.9,1,17,8/26/2020,正在营业,Tier 2,
090214,宁波市,1,早10:00~凌晨2:00,宁波吾悦店,4.8,4.8,4.8,4.9,4.9,1,17,8/26/2020,正在营业,Tier 2,
090204,宁波市,1,早10:00~03：00,银泰城店,4.9,4.9,4.9,4.9,5.0,1,17,8/26/2020,正在营业,Tier 2,
091402,温州市,1,早10:00~次日07:00,大西洋银泰城店,4.9,4.9,4.9,4.9,4.9,1,17,8/26/2020,正在营业,Tier 3,
091401,温州市,1,早10:00~次日7:00,5050购物中心店,4.9,4.9,4.9,4.9,4.9,1,17,8/26/2020,正在营业,Tier 3,8
091403,温州市,1,早10:00~次日07:00,名城广场店,4.9,4.8,4.9,4.9,4.9,1,17,8/26/2020,正在营业,Tier 3,6
250101,嘉兴市,1,早10:30~次日03:00,银泰城店,4.9,4.9,4.9,4.9,4.9,1,17,8/26/2020,正在营业,Tier 3,8
250102,嘉兴市,1,早09:00~次日07:00,海宁爱琴海店,4.8,4.8,4.8,4.8,4.8,1,17,8/26/2020,正在营业,Tier 3,
131904,嘉兴市,1,09:00-次日07:00,华府八佰伴店,4.9,4.9,4.9,4.9,4.9,1,17,8/26/2020,正在营业,Tier 3,8
131901,嘉兴市,1,早10:00~次日05:00,八佰伴店,4.9,4.9,4.9,4.9,4.9,1,17,8/26/2020,正在营业,Tier 3,8
131902,嘉兴市,1,早10:00~次日05:00,杉杉in象店,4.9,4.9,4.9,4.9,4.9,1,17,8/26/2020,正在营业,Tier 3,
131903,嘉兴市,1,早10:00~次日03:00,平湖八佰伴店,4.8,4.7,4.9,4.8,4.8,1,17,8/26/2020,正在营业,Tier 3,
041702,湖州市,1,早9:00~次日07:00,浙北大厦店,4.9,4.8,4.9,4.9,4.9,1,17,8/26/2020,正在营业,Tier 3,8
041701,湖州市,1,早10:00~次日07:00,东吴银泰城店,4.9,4.9,4.9,4.9,4.9,1,17,8/26/2020,正在营业,Tier 3,
041703,湖州市,1,早10:00~凌晨07：00,星火外滩店,4.8,4.8,4.9,4.8,4.8,1,17,8/26/2020,正在营业,Tier 3,8
041704,湖州市,1,10:00~次日7:00,利时广场店,4.7,4.6,4.8,4.8,4.7,1,17,8/26/2020,正在营业,Tier 3,
091502,绍兴市,1,早10:00~次日03:00,西施大街店,4.8,4.7,4.8,4.9,4.8,1,17,8/26/2020,正在营业,Tier 3,
091501,绍兴市,1,早10:00~次日03:00,雄风新天地店,4.9,4.9,4.9,4.9,4.9,1,17,8/26/2020,正在营业,Tier 3,
132306,绍兴市,1,上午10：00-次日凌晨03：00,嵊州鹿山店,4.8,4.7,4.9,4.9,4.9,1,17,8/26/2020,正在营业,Tier 3,
132307,绍兴市,1,早10:00-次日凌晨3:00,和悦广场店,4.6,4.6,4.6,4.7,4.6,1,17,8/26/2020,正在营业,Tier 3,8
132301,绍兴市,1,早10:30~次日07:00,金帝银泰店,4.9,4.9,4.9,4.9,4.9,1,17,8/26/2020,正在营业,Tier 3,
132303,绍兴市,1,早10:00~次日07:00,世茂广场店,4.7,4.6,4.8,4.7,4.8,1,17,8/26/2020,正在营业,Tier 3,8
132305,绍兴市,1,早10:00~次日07:00,柯桥银泰店,4.8,4.8,4.8,4.9,4.9,1,17,8/26/2020,正在营业,Tier 3,
132302,绍兴市,1,早10:00~次日07:00,柯桥万达店,4.9,4.9,4.9,4.9,4.9,1,17,8/26/2020,正在营业,Tier 3,8
132304,绍兴市,1,早10:00~次日07:00,大通购物中心店,4.9,4.8,4.9,4.9,4.9,1,17,8/26/2020,正在营业,Tier 3,
041501,金华市,1,早10:00~次日03:00,银泰城店,4.9,4.8,4.9,4.9,4.9,1,17,8/26/2020,正在营业,Tier 3,
042302,金华市,1,上午 10:30-次晨3:00,义乌之心店,4.9,4.9,4.8,4.9,4.9,1,17,8/26/2020,正在营业,Tier 3,
042301,金华市,1,早10:00~次日07:00,吾悦广场店,4.6,4.5,4.7,4.7,4.7,1,17,8/26/2020,正在营业,Tier 3,
044602,衢州市,1,10：00-次日07：00,国金中心店,4.9,4.8,5.0,4.9,4.9,1,17,8/26/2020,正在营业,Tier 3,
044601,衢州市,1,早9:00-次日凌晨7:00,吾悦广场店,4.9,4.9,4.8,4.9,4.8,1,17,8/26/2020,正在营业,Tier 3,8
042003,台州市,1,早10：00~次日02:00,温岭银泰城店,4.8,4.7,4.8,4.8,4.8,1,17,8/26/2020,正在营业,Tier 3,
042001,台州市,1,早10:00~次日7:00,中盛城市广场店,4.8,4.7,4.8,4.8,4.8,1,17,8/26/2020,正在营业,Tier 3,
045401,台州市,1,早10:00-次日凌晨02:00,临海银泰城店,4.9,4.8,4.9,4.9,4.8,0,17,8/26/2020,正在营业,Tier 3,
042002,台州市,1,早10:00~次日07:00,青悦城店,4.9,4.8,4.9,4.9,4.9,1,17,8/26/2020,正在营业,Tier 3,
040706,合肥市,1,早9:00~次日07:00,滨湖银泰店,4.9,4.9,4.9,4.9,4.9,0,17,8/26/2020,正在营业,Tier 2,
040709,合肥市,1,早9:00~次日07:00,世纪金源店,4.9,4.9,4.9,4.9,4.9,1,17,8/26/2020,正在营业,Tier 2,
040710,合肥市,1,早9:00~次日07:00,合肥星达城,4.9,4.9,4.9,4.9,4.9,1,17,8/26/2020,正在营业,Tier 2,8
040717,合肥市,1,早9:00~次晨07:00,中环城店,4.7,4.7,4.7,4.8,4.7,1,17,8/26/2020,正在营业,Tier 2,
040713,合肥市,14,早10:00~次日7:00（今日早10:00~23:00）,合肥新地中心保利MALL店,4.8,4.7,4.8,4.8,4.8,0,17,8/26/2020,暂停营业,Tier 2,
040704,合肥市,1,早9:00~次日07:00,天鹅湖店,4.9,4.9,4.9,4.9,4.9,0,17,8/26/2020,正在营业,Tier 2,8
040707,合肥市,1,早10:00~次日07:00,华润五彩城店,4.9,4.9,4.9,4.9,4.9,1,17,8/26/2020,正在营业,Tier 2,8
040705,合肥市,1,09:00-次日07:00,金大地店,4.9,4.9,4.9,4.9,4.9,0,17,8/26/2020,正在营业,Tier 2,8
040714,合肥市,1,早9:00~次日07:00,漫乐城店,4.9,4.8,4.9,4.9,4.9,1,17,8/26/2020,正在营业,Tier 2,
040720,合肥市,1,早9:00~次日07:00,国祯广场店,4.5,,,,,1,17,8/26/2020,正在营业,Tier 2,8
040701,合肥市,1,早9:00~次日07:00,之心城店,4.9,4.8,4.9,4.9,4.9,0,17,8/26/2020,正在营业,Tier 2,
040718,合肥市,1,早9：00~次日07:00,商之都中心广场店,4.9,4.9,4.9,4.9,5.0,1,17,8/26/2020,正在营业,Tier 2,
040703,合肥市,12,早10:00~次日07:00,银泰中心店,4.9,4.9,4.9,4.9,4.9,0,17,8/26/2020,装修升级,Tier 2,
040716,合肥市,1,早9:00~次日07:00,祥源广场店,4.9,4.9,4.9,4.9,4.9,1,17,8/26/2020,正在营业,Tier 2,
040708,合肥市,1,早09:00~次日07:00,保利广场店,4.8,4.7,4.9,4.9,4.9,1,17,8/26/2020,正在营业,Tier 2,
040702,合肥市,1,早9:00~次日7:00,蒙城路店,4.9,4.8,4.9,4.9,4.9,1,17,8/26/2020,正在营业,Tier 2,8
040711,合肥市,1,早09:00~次日07:00,万科广场店,4.9,4.8,4.9,4.9,4.9,1,17,8/26/2020,正在营业,Tier 2,8
040715,合肥市,1,早9:00~次日07:00,龙湖瑶海天街店,4.8,4.8,4.8,4.8,4.8,0,17,8/26/2020,正在营业,Tier 2,
041303,芜湖市,1,早10:00~次日00:00,银泰城店,4.9,4.9,4.9,4.9,4.9,1,17,8/26/2020,正在营业,Tier 3,
041302,芜湖市,1,早10:00~次日03:00,苏宁广场店,4.9,4.9,4.9,4.9,4.9,1,17,8/26/2020,正在营业,Tier 3,
041301,芜湖市,1,早10:00~次日07:00,八佰伴店,4.9,4.9,4.9,4.9,4.9,0,17,8/26/2020,正在营业,Tier 3,
030701,蚌埠市,1,早10:00~次日4:00,银泰城店,4.9,4.8,4.9,4.9,4.9,1,17,8/26/2020,正在营业,Tier 3,
030702,蚌埠市,1,上午10:00~次日04:00,百大名品店,5.0,4.9,5.0,5.0,5.0,1,17,8/26/2020,正在营业,Tier 3,
044801,淮南市,1,10：00-次晨3：00,新世界广场店,4.8,4.8,4.8,4.9,4.9,0,17,8/26/2020,正在营业,Tier 3,
030603,马鞍山市,1,早9:30~次日07:00,印象汇店,4.9,4.9,4.9,4.9,4.9,1,17,8/26/2020,正在营业,Tier 3,
030601,马鞍山市,1,早10:00~次日07:00,金鹰店,4.9,4.9,4.9,4.9,4.9,1,17,8/26/2020,正在营业,Tier 3,
030602,淮北市,1,早9:30~次日03:00,万里大厦店,4.9,4.9,5.0,4.9,4.9,1,17,8/26/2020,正在营业,Tier 3,
047101,铜陵市,1,10:00-次日凌晨3:00,铜陵八佰伴店,4.7,4.7,4.8,4.7,4.8,1,17,8/26/2020,正在营业,Tier 3,
044502,安庆市,1,10：00-次日凌晨7:00,八佰伴店,4.7,4.8,4.7,4.9,4.6,1,17,8/26/2020,正在营业,Tier 3,8
044501,安庆市,1,上午9:00-次日7:00,吾悦广场店,4.8,4.8,4.8,4.8,4.8,1,17,8/26/2020,正在营业,Tier 3,
045001,阜阳市,1,早10:00~次日07:00,商厦时代广场店,4.8,4.8,4.8,4.8,4.9,0,17,8/26/2020,正在营业,Tier 3,8
043001,宿州市,1,早10:30~次日07:00,华夏世贸店,4.7,4.6,4.8,4.8,4.8,1,17,8/26/2020,正在营业,Tier 3,
045202,亳州市,5,10:00-21:00,光明路店,4.5,,,,,0,17,8/26/2020,?,Tier 3,
100601,福州市,1,早10:00~次日07:00,福清万达广场店,4.9,4.8,4.9,4.9,4.9,1,17,8/26/2020,正在营业,Tier 2,8
100204,福州市,1,早10:00-次日早07：00,爱琴海店,4.8,4.7,4.8,4.8,4.8,0,17,8/26/2020,正在营业,Tier 2,8
100201,福州市,12,早11:00~晚上18:00,苏宁广场店,5.0,5.0,4.9,5.0,5.0,0,17,8/26/2020,装修升级,Tier 2,
100203,福州市,5,早10:30~凌晨1:00,东百元洪店,4.9,4.9,4.9,4.9,4.9,1,17,8/26/2020,?,Tier 2,8
100205,福州市,1,早10:00~次日07:00,大洋晶典店,4.8,4.8,4.9,4.9,4.8,1,17,8/26/2020,正在营业,Tier 2,8
100202,福州市,1,早10:00~次日07:00,东方百货店,4.9,5.0,4.9,4.9,4.9,1,17,8/26/2020,正在营业,Tier 2,
100207,福州市,1,早10:30~次日07:00,福州台江万达广场店,4.8,4.8,4.9,4.9,4.8,1,17,8/26/2020,正在营业,Tier 2,8
100209,福州市,1,早10:30~次日07:00,泰禾广场店,4.8,4.7,4.8,4.9,4.7,1,17,8/26/2020,正在营业,Tier 2,8
100206,福州市,1,早10:00~次日07:00,五四北店,4.8,4.8,4.8,4.8,4.8,0,17,8/26/2020,正在营业,Tier 2,8
040606,厦门市,1,早10:00~次日07:00,阿罗海广场店,4.7,4.6,4.8,4.8,4.7,1,17,8/26/2020,正在营业,Tier 2,
040604,厦门市,1,早9:00~次日07:00,中山路店,4.8,4.7,4.8,4.8,4.8,0,17,8/26/2020,正在营业,Tier 2,
040602,厦门市,1,早10:00~次日07:00,百脑汇店,4.9,4.9,4.8,4.9,4.9,1,17,8/26/2020,正在营业,Tier 2,
040601,厦门市,1,早9:00~次日07:00,世贸商城店,4.8,4.8,4.9,4.9,4.8,1,17,8/26/2020,正在营业,Tier 2,8
040603,厦门市,1,早10:00~次日07:00,商业广场店,4.8,4.7,4.8,4.8,4.8,0,17,8/26/2020,正在营业,Tier 2,8
040607,厦门市,1,早10:00~次日07:00,集美万达店,4.8,4.8,4.9,4.9,4.9,1,17,8/26/2020,正在营业,Tier 2,8
040608,厦门市,1,早10:00~次日07:00,蔡塘广场店,4.9,4.8,4.9,4.9,4.9,1,17,8/26/2020,正在营业,Tier 2,8
040609,厦门市,1,早9:00~次日07:00,银泰百货店,4.8,4.7,4.8,4.8,4.8,1,17,8/26/2020,正在营业,Tier 2,8
040605,厦门市,1,早10:00~次日07:00,天虹五缘湾店,4.8,4.8,4.8,4.9,4.8,1,17,8/26/2020,正在营业,Tier 2,
040610,厦门市,1,早10:00~次日07:00,湖里万达广场店,4.8,4.8,4.9,4.8,4.8,1,17,8/26/2020,正在营业,Tier 2,
020801,莆田市,1,早10:00~次日07:00,城厢万达广场店,4.8,4.8,4.8,4.9,4.8,1,17,8/26/2020,正在营业,Tier 3,8
020802,莆田市,1,早10:00~次日07:00,金鼎广场店,4.8,4.8,4.9,4.9,4.9,0,17,8/26/2020,正在营业,Tier 3,8
020803,莆田市,1,早10:00~次日07:00,正荣财富中心店,4.8,4.8,4.8,4.8,4.9,0,17,8/26/2020,正在营业,Tier 3,8
041102,泉州市,1,早9:00~次日07:00,晋江SM店,4.8,4.7,4.8,4.8,4.9,1,17,8/26/2020,正在营业,Tier 3,8
041101,泉州市,1,早10:00~次日07:00,五店市店,4.9,4.8,4.9,4.9,4.9,1,17,8/26/2020,正在营业,Tier 3,8
131201,泉州市,1,早10:00~次日07:00,德辉广场,4.8,4.8,4.8,4.8,4.8,1,17,8/26/2020,正在营业,Tier 3,
131801,泉州市,1,早10:30~次日07:00,星光店,4.9,4.9,4.9,4.9,5.0,1,17,8/26/2020,正在营业,Tier 3,8
131802,泉州市,1,早10:00~次日07:00,开元盛世店,4.8,4.8,4.8,4.8,4.9,1,17,8/26/2020,正在营业,Tier 3,
131803,泉州市,1,早10:00~次日07:00,城东万达广场店,4.9,4.8,4.9,4.9,4.9,1,17,8/26/2020,正在营业,Tier 3,6
041801,龙岩市,1,早9:00~次日07:00,万宝广场店,4.9,4.8,4.9,4.9,4.9,1,17,8/26/2020,正在营业,Tier 3,
070201,宁德市,1,上午10:00至次日凌晨4:00,万达广场店,4.7,4.7,4.8,4.8,4.8,1,17,8/26/2020,正在营业,Tier 3,8
130909,南昌市,1,早10:00~次日04:00,朝阳天虹店,4.7,4.6,4.7,4.7,4.7,1,17,8/26/2020,正在营业,Tier 2,
130907,南昌市,1,早10:00~次日07:00,洪城路王府井店,4.8,4.7,4.9,4.8,4.8,1,17,8/26/2020,正在营业,Tier 2,
130906,南昌市,1,早10:00~次日07:00,青山湖区万达店,4.8,4.8,4.8,4.8,4.8,1,17,8/26/2020,正在营业,Tier 2,
130908,南昌市,1,早10:00~次日07:00,新建中心店,4.9,4.9,4.8,4.9,4.9,1,17,8/26/2020,正在营业,Tier 2,
130902,南昌市,1,早10:00~次日07:00,盈石广场店,4.9,4.9,4.9,4.9,4.9,1,17,8/26/2020,正在营业,Tier 2,
130905,南昌市,1,早10:00~次日03:00,绿地缤纷城店,4.9,4.9,4.9,4.9,4.9,1,17,8/26/2020,正在营业,Tier 2,8
130901,南昌市,1,早10:00~次日07:00,央央春天店,4.8,4.8,4.8,4.8,4.8,1,17,8/26/2020,正在营业,Tier 2,
130904,南昌市,1,早10:00~次日07:00,南昌铜锣湾广场店,4.9,4.8,4.9,4.9,4.9,1,17,8/26/2020,正在营业,Tier 2,
130903,南昌市,1,早09:00~次日07:00,艾溪湖北路店,4.9,4.9,4.9,4.9,4.9,1,17,8/26/2020,正在营业,Tier 2,
430102,九江市,1,早11:00~次日07:00,九方购物中心店,4.9,4.9,4.9,4.9,4.9,1,17,8/26/2020,正在营业,Tier 3,
430101,九江市,1,早9:00~次日07:00,铜锣湾店,4.7,4.7,4.8,4.8,4.8,1,17,8/26/2020,正在营业,Tier 3,
133202,赣州市,5,早10:00~次日1:00,赣州万象城店,4.8,4.8,4.7,4.8,4.9,1,17,8/26/2020,?,Tier 3,
133201,赣州市,1,早10:00~次日02:00,步步高赣州店,4.8,4.8,4.8,4.8,4.8,0,17,8/26/2020,正在营业,Tier 3,
133102,宜春市,1,早10:00~次日03:00,宜春中山路店,4.9,4.8,4.9,4.9,4.9,1,17,8/26/2020,正在营业,Tier 3,7
133101,宜春市,1,早9:00~次日07:00,天虹店,4.8,4.8,4.8,4.8,4.8,1,17,8/26/2020,正在营业,Tier 3,8
091601,抚州市,14,早11:00~次日07:00,硕果时代店,4.9,4.9,4.9,4.9,4.9,1,17,8/26/2020,暂停营业,Tier 3,
091602,抚州市,1,早上9:00-次日03:00,万象新城店,4.8,4.8,4.8,4.9,4.8,1,17,8/26/2020,正在营业,Tier 3,8
135301,上饶市,1,09:00--03:00,万力时代店,4.8,4.8,4.8,4.8,4.8,1,17,8/26/2020,正在营业,Tier 3,
040902,济南市,1,早10:00~次日02:00,连城广场店,4.9,4.9,4.9,4.9,4.9,0,17,8/26/2020,正在营业,Tier 2,
040904,济南市,1,早10:30~次日02:00,和谐广场店,4.8,4.7,4.9,4.9,4.9,0,17,8/26/2020,正在营业,Tier 2,
040903,济南市,1,早10:00~次日07:00,振华商厦店,4.9,4.9,4.9,4.9,4.9,0,17,8/26/2020,正在营业,Tier 2,
040901,济南市,1,早10:00~次日05:00,泉城路店,4.9,4.8,4.9,4.9,4.9,0,17,8/26/2020,正在营业,Tier 2,
040905,济南市,1,早10:00一次日05:00,明湖路店,4.9,4.8,4.9,4.9,4.9,0,17,8/26/2020,正在营业,Tier 2,
040906,济南市,5,早10:30~次日01:00,龙泉国际广场店,4.8,4.7,4.9,4.8,4.8,0,17,8/26/2020,?,Tier 2,
100111,青岛市,1,早10:00~次日07:00,欢乐海湾店,4.7,4.6,4.8,4.8,4.7,1,17,8/26/2020,正在营业,Tier 2,
100107,青岛市,1,早9:00~次日05:00,吾悦广场店,4.9,4.9,4.9,4.9,4.9,1,17,8/26/2020,正在营业,Tier 2,
100110,青岛市,1,早10:00~次日03:00,邻里中心店,4.9,4.8,4.9,4.9,4.9,1,17,8/26/2020,正在营业,Tier 2,
100105,青岛市,1,早9:00~次日07:00,银座广场店,4.9,4.8,4.9,4.9,4.9,0,17,8/26/2020,正在营业,Tier 2,
100108,青岛市,1,早10:00~次日7:00,安泰广场店,4.9,4.9,4.9,4.9,4.9,1,17,8/26/2020,正在营业,Tier 2,
100114,青岛市,1,早9:00~次日03:00,悦荟广场店,4.8,4.8,4.8,4.8,4.9,1,17,8/26/2020,正在营业,Tier 2,8
100104,青岛市,1,早10:00~次日07:00,凯德店,4.8,4.8,4.8,4.8,4.9,1,17,8/26/2020,正在营业,Tier 2,
100106,青岛市,1,早10:00~次日03:00,金狮广场店,4.8,4.8,4.9,4.8,4.8,1,17,8/26/2020,正在营业,Tier 2,
054201,青岛市,1,上午10:00-次日03:00,胶州宝龙广场,4.9,4.9,4.9,4.9,4.9,1,17,8/26/2020,正在营业,Tier 2,
100112,青岛市,1,早10:00~次日03:00,乐客城店,4.8,4.8,4.9,4.9,4.9,1,17,8/26/2020,正在营业,Tier 2,
100103,青岛市,1,早9:00~次日07:00,李沧万达店,4.8,4.8,4.9,4.8,4.9,1,17,8/26/2020,正在营业,Tier 2,8
100113,青岛市,1,早10:00~次日05:00,青岛城中城店,4.9,4.9,4.9,4.9,5.0,1,17,8/26/2020,正在营业,Tier 2,
100109,青岛市,1,早10:00~次日7:00,城阳万象汇店,4.8,4.8,4.9,4.9,4.8,1,17,8/26/2020,正在营业,Tier 2,8
100115,青岛市,1,早10:00~次日03:00,即墨宝龙广场店,4.8,4.8,4.9,4.8,4.8,1,17,8/26/2020,正在营业,Tier 2,
100501,淄博市,1,早10:00~次日07:00,万象汇店,4.9,4.9,4.9,4.9,4.9,1,17,8/26/2020,正在营业,Tier 3,8
100502,淄博市,1,早10:00~次日5：00,淄博银泰城店,4.9,4.8,4.9,4.9,4.9,1,17,8/26/2020,正在营业,Tier 3,
032001,东营市,1,早9:00~次日07:00,振华商厦店,4.8,4.7,4.8,4.8,4.8,1,17,8/26/2020,正在营业,Tier 3,
100302,烟台市,1,早10:00~次日07:00,莱山银座店,4.9,4.8,4.9,4.9,4.9,1,17,8/26/2020,正在营业,Tier 3,6
100304,烟台市,1,早10:00~次日7:00,开发区爱琴海店,4.9,4.9,4.9,4.9,4.9,1,17,8/26/2020,正在营业,Tier 3,8
100303,烟台市,1,早10:00~次日07:00,振华商厦店,4.9,4.8,4.9,4.8,4.9,1,17,8/26/2020,正在营业,Tier 3,
100301,烟台市,1,早10:00~次日07:00,大悦城店,4.9,4.9,4.9,4.9,4.9,1,17,8/26/2020,正在营业,Tier 3,
100401,潍坊市,1,早10:00~次日03:00,泰华假日店,4.7,4.6,4.7,4.8,4.7,0,17,8/26/2020,正在营业,Tier 3,
100403,潍坊市,1,早10:00~次日03:00,中百大厦店,4.8,4.8,4.9,4.9,4.8,0,17,8/26/2020,正在营业,Tier 3,8
100402,潍坊市,1,早10:00~次日03:00,谷德广场店,4.9,4.9,4.9,4.9,5.0,1,17,8/26/2020,正在营业,Tier 3,
132702,济宁市,1,早10:00~次日07:00,太白楼中路店,4.8,4.7,4.8,4.8,4.8,1,17,8/26/2020,正在营业,Tier 3,
132701,济宁市,1,早10:00~次日7:00,贵和店,4.9,4.9,4.9,4.9,4.9,1,17,8/26/2020,正在营业,Tier 3,
132703,济宁市,1,早9:00~次日07:00,兖州贵和店,4.8,4.8,4.9,4.9,4.9,1,17,8/26/2020,正在营业,Tier 3,8
131102,威海市,1,早10:00~次日03:00,九龙城店,4.9,4.9,4.9,4.9,4.9,1,17,8/26/2020,正在营业,Tier 3,
131101,威海市,1,早9:00~次日07:00,威高广场店,4.7,4.6,4.7,4.7,4.7,1,17,8/26/2020,正在营业,Tier 3,
041401,日照市,1,早10:00~次日05:00,华润万象汇店,4.9,4.8,4.9,4.9,4.9,0,17,8/26/2020,正在营业,Tier 3,
030802,临沂市,1,早9:00---次日7:00,泰盛广场店,4.9,4.8,4.9,4.9,4.9,0,17,8/26/2020,正在营业,Tier 3,
030801,临沂市,1,早10:00~次日03:00,吾悦广场店,4.9,4.8,4.9,4.9,4.9,0,17,8/26/2020,正在营业,Tier 3,
031001,德州市,5,早9:00~次日03:00,澳德乐时代广场店,4.9,4.8,4.9,4.9,4.9,1,17,8/26/2020,?,Tier 3,
041902,聊城市,1,早10:00~次日03:00,开发区振华购物中心店,4.8,4.8,4.9,4.8,4.9,0,17,8/26/2020,正在营业,Tier 3,
041901,聊城市,1,早10:00~次日07:00,五星百货店,4.9,4.9,4.9,4.9,5.0,0,17,8/26/2020,正在营业,Tier 3,
054301,滨州市,1,早9:00-次晨03:00,IFC购物中心店,4.8,4.8,4.8,4.8,4.8,1,17,8/26/2020,正在营业,Tier 3,
053001,菏泽市,1,早9:00~次日07:00,银座和谐广场店,4.8,4.6,4.8,4.8,4.8,0,17,8/26/2020,正在营业,Tier 3,8
030130,郑州市,1,早10:00~次日07:00,锦荣悦汇城店,4.8,4.8,4.9,4.8,4.9,0,17,8/26/2020,正在营业,Tier 2,8
030136,郑州市,1,早09:00~次日07:00,奥特莱斯店,4.8,4.8,4.9,4.8,4.8,1,17,8/26/2020,正在营业,Tier 2,8
030138,郑州市,1,早10:00~次日07:00,橄榄城店,4.8,4.8,4.8,4.8,4.8,1,17,8/26/2020,正在营业,Tier 2,
030131,郑州市,1,早9:00~次日07:00,恒大广场店,4.9,4.9,4.9,4.9,4.9,1,17,8/26/2020,正在营业,Tier 2,
030141,郑州市,1,9：00-次日2:00,京莎广场店,5.0,5.0,5.0,5.0,4.9,1,17,8/26/2020,正在营业,Tier 2,
030124,郑州市,1,早10:00~次日07:00,富田太阳城店海底捞,4.8,4.9,4.8,4.8,4.8,1,17,8/26/2020,正在营业,Tier 2,
030113,郑州市,1,早9:00~次日07:00,新象城,4.9,4.8,4.9,4.9,4.8,1,17,8/26/2020,正在营业,Tier 2,
030137,郑州市,1,早9:00~次日07:00,金河里店,4.9,4.9,4.9,4.9,4.9,1,17,8/26/2020,正在营业,Tier 2,
030102,郑州市,13,早9:00~次日07:00,淮河路店,5.0,5.0,5.0,5.0,4.9,0,17,8/26/2020,迁址停业,Tier 2,
030139,郑州市,1,早9:00~次日07:00,泰得城店,5.0,4.9,5.0,5.0,5.0,1,17,8/26/2020,正在营业,Tier 2,
030109,郑州市,14,早10:00~次日02:00,新玛特店,5.0,5.0,5.0,5.0,5.0,0,17,8/26/2020,暂停营业,Tier 2,
030120,郑州市,1,早9:00~次日07:00,建业凯旋汇店,4.7,4.6,4.7,4.7,4.7,1,17,8/26/2020,正在营业,Tier 2,
030129,郑州市,1,早10:00~次日07:00,大观国贸店,4.8,4.8,4.8,4.8,4.7,1,17,8/26/2020,正在营业,Tier 2,8
030111,郑州市,1,早9:00~次日07:00,东明路店,5.0,5.0,4.9,5.0,4.9,1,17,8/26/2020,正在营业,Tier 2,8
030108,郑州市,1,早10:00~次日07:00,印象汇店（原凯德广场店）,4.9,4.9,4.9,4.9,4.9,1,17,8/26/2020,正在营业,Tier 2,8
030126,郑州市,1,早10:00~次日07:00,中原万达店,4.8,4.8,4.8,4.8,4.8,0,17,8/26/2020,正在营业,Tier 2,8
030118,郑州市,1,早10:00~次日07:00,海汇中心店,4.8,4.7,4.8,4.8,4.8,1,17,8/26/2020,正在营业,Tier 2,
030103,郑州市,1,早9:00~次日07:00,西大街店,4.7,4.7,4.7,4.8,4.8,0,17,8/26/2020,正在营业,Tier 2,
030114,郑州市,1,早10:00~次日07:00,商鼎路店,4.8,4.8,4.9,4.8,4.9,1,17,8/26/2020,正在营业,Tier 2,
030122,郑州市,1,早9:00~次日07:00,新世界百货店,4.9,4.9,4.9,4.9,4.9,1,17,8/26/2020,正在营业,Tier 2,
030119,郑州市,1,早10:30~次日07:00,万象城店,4.8,4.8,4.8,4.8,4.8,1,17,8/26/2020,正在营业,Tier 2,8
030115,郑州市,1,早10:00~次日03:00,名门店,4.9,4.8,4.9,4.9,4.9,0,17,8/26/2020,正在营业,Tier 2,8
030110,郑州市,1,早10:00~次日07:00,锦艺城店,4.9,4.9,4.9,4.9,4.9,1,17,8/26/2020,正在营业,Tier 2,
030128,郑州市,1,早10:00~次日07:00,绿地新都会店,4.8,4.8,4.8,4.8,4.8,1,17,8/26/2020,正在营业,Tier 2,6
030125,郑州市,1,早9:00~次日05:00,丹尼斯三天地店,4.9,4.9,4.9,4.9,4.9,1,17,8/26/2020,正在营业,Tier 2,
030134,郑州市,1,早10:00~次日07:00,南阳路店,4.9,4.9,4.9,4.9,4.9,1,17,8/26/2020,正在营业,Tier 2,
030140,郑州市,1,上午09:00-凌晨07:00,璞丽中心店,4.9,4.8,4.9,4.9,4.9,1,17,8/26/2020,正在营业,Tier 2,8
030112,郑州市,1,早10:00~次日07:00,丹尼斯店,4.9,4.8,4.9,4.9,4.9,1,17,8/26/2020,正在营业,Tier 2,8
030121,郑州市,1,早10:30~次日07:00,大商国贸店,4.9,4.8,4.9,4.8,4.9,1,17,8/26/2020,正在营业,Tier 2,
030144,郑州市,1,10:00-03:00,龙子湖店,4.9,5.0,5.0,4.8,5.0,0,17,8/26/2020,正在营业,Tier 2,
030133,郑州市,1,早10:00~次日05:00,凯旋广场店,4.8,4.7,4.9,4.9,4.9,1,17,8/26/2020,正在营业,Tier 2,8
030117,郑州市,1,早9:00~次日凌晨03:00,华强广场店,4.9,4.9,4.9,4.9,5.0,1,17,8/26/2020,正在营业,Tier 2,8
030104,郑州市,1,早：10:00-凌晨07:00,天旺店,4.8,4.8,4.9,4.8,4.9,1,17,8/26/2020,正在营业,Tier 2,8
030116,郑州市,1,早10:00~次日07:00,凯隆店,4.9,4.9,4.9,4.9,4.9,1,17,8/26/2020,正在营业,Tier 2,8
030127,郑州市,1,早9:00~次日07:00,朗悦公园茂店,4.9,4.9,4.9,4.9,4.9,1,17,8/26/2020,正在营业,Tier 2,8
030123,郑州市,1,早10:00~次日7:00,美景万科广场店,4.9,4.9,4.9,4.9,4.9,1,17,8/26/2020,正在营业,Tier 2,8
030132,郑州市,1,早10:00~次日04:00,月湖广场店,4.8,4.8,4.8,4.8,4.8,1,17,8/26/2020,正在营业,Tier 2,
031202,开封市,1,早10:00~次日07:00,开元广场店,4.9,4.8,4.9,4.9,4.9,1,17,8/26/2020,正在营业,Tier 3,8
031201,开封市,1,早10:00~次日07:00,万博广场店,4.9,4.8,4.9,4.9,4.9,1,17,8/26/2020,正在营业,Tier 3,8
030502,洛阳市,1,早10:00~次日06:00,泉舜店,4.9,4.9,4.9,4.9,4.9,1,17,8/26/2020,正在营业,Tier 3,8
030504,洛阳市,1,早9:00~凌晨02:00,宝龙广场店,4.9,4.8,4.9,4.9,4.9,0,17,8/26/2020,正在营业,Tier 3,8
030501,洛阳市,1,早9:00~次日07:00,王府井店,4.9,4.8,4.9,4.9,4.9,1,17,8/26/2020,正在营业,Tier 3,8
030506,洛阳市,1,09:00-次日07：00,三维友邻店,4.9,4.8,4.9,4.8,4.9,1,17,8/26/2020,正在营业,Tier 3,8
030505,洛阳市,1,早9:00~次日07:00,古城根店,4.9,4.9,4.9,5.0,5.0,1,17,8/26/2020,正在营业,Tier 3,
030507,洛阳市,1,上午10:00至次日凌晨7:00,武汉南路店,5.0,5.0,5.0,5.0,5.0,1,17,8/26/2020,正在营业,Tier 3,
030503,洛阳市,1,早9:00~ 次日07:00,建业凯旋店,4.9,4.9,4.9,4.9,4.9,1,17,8/26/2020,正在营业,Tier 3,
034102,平顶山市,1,上午9：00-次晨7：00,丹尼斯店,4.8,4.8,4.8,4.9,4.8,1,17,8/26/2020,正在营业,Tier 3,8
034101,平顶山市,1,上午09:00—次日凌晨07:00,东城国际店,4.8,4.6,4.8,4.8,4.8,1,17,8/26/2020,正在营业,Tier 3,
034601,安阳市,1,上午9:00-次日凌晨7:00,印象汇店,4.7,4.6,4.7,4.7,4.7,0,17,8/26/2020,正在营业,Tier 3,
031102,新乡市,1,早10:00~次日07:00,宝龙广场店,4.9,4.9,4.9,4.9,4.9,1,17,8/26/2020,正在营业,Tier 3,8
031101,新乡市,1,早10:00~次日07:00,大商百货店,4.8,4.8,4.9,4.9,4.8,1,17,8/26/2020,正在营业,Tier 3,8
030135,焦作市,1,早10:00~次日07:00,王府井店,4.9,4.9,4.9,4.9,4.9,1,17,8/26/2020,正在营业,Tier 3,
030106,焦作市,13,早9:00~次日07:00,焦作店,4.9,4.9,4.9,4.9,4.9,0,17,8/26/2020,迁址停业,Tier 3,
030902,许昌市,1,早9:00~次日07:00,绿洲梦想店,4.9,4.9,5.0,5.0,4.9,1,17,8/26/2020,正在营业,Tier 3,8
030903,许昌市,1,早09：00~次日07:00,亨源通世纪广场店,4.7,4.7,4.8,4.8,4.7,1,17,8/26/2020,正在营业,Tier 3,8
030901,许昌市,1,早10:00~次日07:00,万达店,4.9,4.9,5.0,5.0,5.0,0,17,8/26/2020,正在营业,Tier 3,8
034501,漯河市,1,9:00-次日07:00,大商新玛特店,4.8,4.7,4.7,4.8,4.9,1,17,8/26/2020,正在营业,Tier 3,
034502,漯河市,1,上午9:00-凌晨7:00,金山路店,4.5,4.4,4.6,4.6,4.5,1,17,8/26/2020,正在营业,Tier 3,8
033002,南阳市,1,早10:00~次日07:00,建业凯旋广场店,4.7,4.5,4.7,4.7,4.7,1,17,8/26/2020,正在营业,Tier 3,
033001,南阳市,1,早10:00~次日07:00,红都时代广场店,4.9,4.8,4.9,4.9,4.9,1,17,8/26/2020,正在营业,Tier 3,
034301,信阳市,1,上午09:00~次日07:00,信阳新玛特店,4.7,4.6,4.7,4.8,4.8,0,17,8/26/2020,正在营业,Tier 3,8
050213,武汉市,1,早10:00~次日07:00,关山保利店,4.9,4.8,4.9,4.9,4.9,1,17,8/26/2020,正在营业,Tier 2,
050224,武汉市,1,早10:00~次日07:00,金地雄楚店,4.9,4.9,4.9,4.9,4.9,1,17,8/26/2020,正在营业,Tier 2,8
050226,武汉市,1,早9:00~次日07:00,维佳体验城店,4.7,4.7,4.8,4.8,4.7,1,17,8/26/2020,正在营业,Tier 2,8
050205,武汉市,1,早10:00~次日07:00,世界城店,4.9,4.8,4.9,4.9,4.9,0,17,8/26/2020,正在营业,Tier 2,
050221,武汉市,1,早9:00~次日03:00,国博店,4.9,4.9,4.9,4.9,4.9,1,17,8/26/2020,正在营业,Tier 2,
050227,武汉市,1,早9:30~次日03:00,万隆广场店,4.9,5.0,4.9,4.9,5.0,1,17,8/26/2020,正在营业,Tier 2,8
050218,武汉市,1,早9:00~次日07:00,群光广场店,4.9,4.9,4.9,4.9,4.9,0,17,8/26/2020,正在营业,Tier 2,8
050209,武汉市,1,早9:00~次日07:00,银泰店,4.8,4.8,4.8,4.8,4.8,1,17,8/26/2020,正在营业,Tier 2,8
050211,武汉市,1,早10:00~次日07:00,江腾广场店,4.9,4.8,4.9,4.9,4.9,1,17,8/26/2020,正在营业,Tier 2,
050204,武汉市,1,早9:00~次日07:00,中商百货店,4.9,4.9,4.9,4.9,4.9,1,17,8/26/2020,正在营业,Tier 2,
050230,武汉市,1,早9:00~次日07:00,司门口户部巷店,5.0,4.9,5.0,4.9,5.0,1,17,8/26/2020,正在营业,Tier 2,8
050203,武汉市,1,早10:00~次日07:00,王家湾店,4.8,4.8,4.8,4.8,4.9,1,17,8/26/2020,正在营业,Tier 2,8
050201,武汉市,12,早10:00~次日07:00,凯德广场店,5.0,5.0,5.0,5.0,5.0,0,17,8/26/2020,装修升级,Tier 2,
050214,武汉市,1,早10:00~次日07:00,大洋百货店,4.9,4.8,4.9,4.9,4.9,1,17,8/26/2020,正在营业,Tier 2,8
050233,武汉市,1,9：00-7：00,金禾中心店,4.5,,,,,1,17,8/26/2020,正在营业,Tier 2,
050212,武汉市,1,早9:00~次日07:00,世贸广场店,4.8,4.8,4.8,4.8,4.9,1,17,8/26/2020,正在营业,Tier 2,
050229,武汉市,1,早9:00~次日07:00,中心百货店,4.8,4.8,4.8,4.8,4.8,1,17,8/26/2020,正在营业,Tier 2,8
050228,武汉市,1,上午 9:00-次日凌晨 5:00,绿地缤纷城店,4.8,4.8,4.8,4.9,4.8,1,17,8/26/2020,正在营业,Tier 2,
050207,武汉市,1,早10:00~次日06:00,南国西汇店,4.9,4.8,4.9,4.9,4.9,1,17,8/26/2020,正在营业,Tier 2,
050206,武汉市,1,早上9:00-次日07:00,群星城店,4.9,4.8,4.9,4.9,4.9,1,17,8/26/2020,正在营业,Tier 2,8
050216,武汉市,1,早9:00~次日07:00,国贸店,4.9,4.9,4.9,4.9,4.9,1,17,8/26/2020,正在营业,Tier 2,8
050215,武汉市,1,早10:00~次日07:00,凯德西城店,4.9,4.9,4.9,4.9,4.9,1,17,8/26/2020,正在营业,Tier 2,8
050225,武汉市,1,10:00~凌晨3:00,荟聚中心店,4.8,4.8,4.9,4.8,4.8,1,17,8/26/2020,正在营业,Tier 2,8
050210,武汉市,1,早9:00~次日07:00,奥山世纪城店,4.8,4.8,4.8,4.8,4.9,1,17,8/26/2020,正在营业,Tier 2,
050219,武汉市,1,早9:00~次日07:00,新唐万科店,4.9,4.9,4.9,4.9,5.0,1,17,8/26/2020,正在营业,Tier 2,
050220,武汉市,1,早9:00~次日07:00,新金银湖路店,5.0,4.9,5.0,5.0,5.0,1,17,8/26/2020,正在营业,Tier 2,8
050231,武汉市,1,上午10：00 - 凌晨2:00,永旺金银潭店,4.5,,,,,1,17,8/26/2020,正在营业,Tier 2,8
050223,武汉市,5,早9:00~次日07:00,季佳荟店,4.9,4.9,4.9,4.9,5.0,1,17,8/26/2020,?,Tier 2,
050222,武汉市,1,上午9:00~次日凌晨2:00,绿地汉口中心店,4.7,4.7,4.7,4.6,4.8,1,17,8/26/2020,正在营业,Tier 2,
050217,武汉市,1,早10:00~次日07:00,天纵城店,4.9,4.8,4.9,4.9,4.9,1,17,8/26/2020,正在营业,Tier 2,8
041601,宜昌市,1,早10:00~次日07:00,万达广场店,4.9,4.8,4.9,4.9,4.8,1,17,8/26/2020,正在营业,Tier 3,
041603,宜昌市,1,早11:00~次日07:00,国贸大厦店,4.9,4.9,4.9,4.9,4.9,1,17,8/26/2020,正在营业,Tier 3,8
043101,襄阳市,1,上午9：00-凌晨03:00点,民发广场店,4.7,4.6,4.7,4.8,4.7,1,17,8/26/2020,正在营业,Tier 3,
045501,孝感市,5,10:30-20:00,孝感银泰城店,4.5,,,,,0,17,8/26/2020,?,Tier 3,
044901,随州市,1,上午10:00-次日07：00,水西门店,4.8,4.8,4.8,4.9,4.8,1,15,8/26/2020,正在营业,Tier 3,
050317,长沙市,1,早9:00~次日07:00,中海环宇城店,4.9,4.9,4.9,4.9,4.8,1,15,8/26/2020,正在营业,Tier 2,
050305,长沙市,1,早10:00~次日07:00,徳思勤店,4.9,4.9,4.9,4.9,4.9,1,15,8/26/2020,正在营业,Tier 2,
050324,长沙市,1,早9:00-晚12:00,阳光壹佰店,5.0,5.0,5.0,5.0,5.0,1,15,8/26/2020,正在营业,Tier 2,
050311,长沙市,1,早9:00~次日07:00,旭辉广场店,4.8,4.8,4.8,4.8,4.8,1,15,8/26/2020,正在营业,Tier 2,8
050302,长沙市,1,早9:00~次日07:00,凯德店,4.8,4.8,4.9,4.9,4.8,1,15,8/26/2020,正在营业,Tier 2,8
050307,长沙市,1,早10:00~次日07:00,东怡外国店,4.9,4.9,4.9,4.9,4.9,1,15,8/26/2020,正在营业,Tier 2,
050318,长沙市,1,早10:30~次日3:00,贺龙体育馆叮叮mall店,4.8,4.7,4.9,4.8,4.8,0,15,8/26/2020,正在营业,Tier 2,8
050301,长沙市,1,早10:00~次日07:00,黄兴店,4.8,4.8,4.8,4.8,4.8,1,15,8/26/2020,正在营业,Tier 2,
050315,长沙市,1,早9:00~次日07:00,阿波罗广场店,4.8,4.8,4.8,4.9,4.8,1,15,8/26/2020,正在营业,Tier 2,
050310,长沙市,1,早10:30~次日07:00,印象汇店,4.8,4.7,4.8,4.8,4.8,0,15,8/26/2020,正在营业,Tier 2,
050316,长沙市,1,早9:00~次日07:00,富兴广场店,4.8,4.8,4.8,4.9,4.9,1,15,8/26/2020,正在营业,Tier 2,
050303,长沙市,1,早9:00~次日07:00,华创店,4.9,4.8,4.9,4.9,4.9,1,15,8/26/2020,正在营业,Tier 2,
050306,长沙市,1,早9:00~次日07:00,金星路步步高店,4.9,4.9,4.9,4.9,4.9,1,15,8/26/2020,正在营业,Tier 2,
050308,长沙市,1,早10:00~次日07:00,星沙吾悦广场店,4.9,4.9,4.9,4.9,4.9,1,15,8/26/2020,正在营业,Tier 2,
050309,长沙市,1,早9:00~次日07:00,凯德壹中心店,4.8,4.7,4.9,4.8,4.9,1,15,8/26/2020,正在营业,Tier 2,
050304,长沙市,1,早9:00~次日02:00,世纪金源店,4.9,4.8,4.9,4.9,4.9,1,15,8/26/2020,正在营业,Tier 2,8
050312,长沙市,1,早10:00~次日03:00,新华联梦想城店,4.7,4.7,4.8,4.8,4.7,1,15,8/26/2020,正在营业,Tier 2,
050314,长沙市,1,早10:00~次日07:00,宁邦大信新都汇店,4.9,4.9,4.9,4.9,4.9,1,15,8/26/2020,正在营业,Tier 2,
050319,长沙市,1,早9:00~次日07:00,紫鑫广场店,4.8,4.8,4.9,4.8,4.8,1,15,8/26/2020,正在营业,Tier 2,
050802,株洲市,1,早10:00~次日07:00,神农广场店,4.6,4.5,4.7,4.7,4.7,0,15,8/26/2020,正在营业,Tier 3,8
050801,株洲市,1,早10:00~次日07:00,王府井店,4.8,4.8,4.9,4.8,4.8,1,15,8/26/2020,正在营业,Tier 3,8
131602,湘潭市,1,早9:00~次日07:00,万达广场店,4.9,4.9,4.9,5.0,4.9,1,15,8/26/2020,正在营业,Tier 3,
131601,湘潭市,1,早10:00~次日07：00,建设南路店,4.8,4.7,4.8,4.8,4.7,1,15,8/26/2020,正在营业,Tier 3,
050902,衡阳市,1,09:00-次日07:00,大洋百货店,4.9,4.9,4.9,4.9,4.9,1,15,8/26/2020,正在营业,Tier 3,
050901,衡阳市,1,早9:00~次日07:00,步步高广场店,4.8,4.8,4.8,4.8,4.8,0,15,8/26/2020,正在营业,Tier 3,
132801,岳阳市,1,早上10:00~次日凌晨07:00,步步高新天地店,4.8,4.7,4.8,4.8,4.8,1,17,8/26/2020,正在营业,Tier 3,
110425,广州市,1,早10:00~次日07:00,南沙万达店,4.9,4.9,4.9,4.9,4.9,1,17,8/26/2020,正在营业,Tier 1,
110415,广州市,1,早10:00~次日7:00,金海岸广场店,4.8,4.8,4.9,4.9,4.8,1,17,8/26/2020,正在营业,Tier 1,8
110410,广州市,1,早10:00~次日07:00,番禺广场店,4.9,4.9,4.9,4.9,4.9,1,17,8/26/2020,正在营业,Tier 1,
110411,广州市,1,早10:00~次日7:00,新塘万达店,4.8,4.8,4.8,4.8,4.9,1,17,8/26/2020,正在营业,Tier 1,
110407,广州市,1,早10:00~次日07:00,番禺奥园广场店,4.8,4.8,4.8,4.8,4.8,1,17,8/26/2020,正在营业,Tier 1,
110423,广州市,1,早10:00~次日07:00,骏和广场店,4.9,4.8,4.9,4.9,4.9,1,17,8/26/2020,正在营业,Tier 1,
110430,广州市,1,早9:00~次日07:00,东汇城店,4.6,4.5,4.6,4.6,4.7,1,17,8/26/2020,正在营业,Tier 1,
110436,广州市,1,早10:00-次日7：00,广州市惠润广场店,4.5,,,,,0,17,8/26/2020,正在营业,Tier 1,
110428,广州市,1,早10:00~次日07:00,祈福俱乐部店,4.7,4.7,4.7,4.7,4.8,1,17,8/26/2020,正在营业,Tier 1,8
110434,广州市,1,早10:00~次日03:00,奥园国际中心店,4.5,4.4,4.5,4.5,4.5,1,17,8/26/2020,正在营业,Tier 1,8
110419,广州市,1,早9:00~次日07:00,雄峰城店,4.8,4.8,4.8,4.8,4.8,1,17,8/26/2020,正在营业,Tier 1,
110417,广州市,1,早10:00~次日07:00,萝岗奥园店,4.9,4.8,4.9,4.9,4.9,1,17,8/26/2020,正在营业,Tier 1,8
110412,广州市,1,早9:00~次日7:00,广州漫广场店,4.8,4.7,4.8,4.8,4.8,1,17,8/26/2020,正在营业,Tier 1,8
110427,广州市,1,早9:00~次日07:00,建华汇店,4.7,4.7,4.7,4.7,4.8,0,17,8/26/2020,正在营业,Tier 1,
110414,广州市,1,早10:00~次日07:00,奥体南路店,4.9,4.9,4.9,4.9,4.9,1,17,8/26/2020,正在营业,Tier 1,8
110424,广州市,1,早10:00~次日07:00,六元素店,4.8,4.7,4.8,4.8,4.8,1,17,8/26/2020,正在营业,Tier 1,8
110435,广州市,1,早10:00~次日03:00,金峰城店,4.9,4.9,4.9,4.9,4.9,1,17,8/26/2020,正在营业,Tier 1,
110433,广州市,1,早09:00~次日07:00,海珠万达广场店,4.9,4.8,4.9,4.9,4.9,1,17,8/26/2020,正在营业,Tier 1,
110401,广州市,1,早9:00~次日 7:00,珠影星光城店,4.9,4.9,4.9,4.9,4.9,1,17,8/26/2020,正在营业,Tier 1,
110429,广州市,1,早10:30~次日07:00,盈熙广场店,4.9,4.9,4.8,4.9,4.9,1,17,8/26/2020,正在营业,Tier 1,8
110420,广州市,1,早10:00~次日07:00,颐高数码广场店,4.8,4.8,4.8,4.8,4.9,0,17,8/26/2020,正在营业,Tier 1,
110403,广州市,1,早10:00-次日06:00,体育西路店,4.7,4.6,4.7,4.7,4.8,0,17,8/26/2020,正在营业,Tier 1,8
110405,广州市,1,早10:00至次日7:00,富力海珠城店,4.8,4.8,4.8,4.9,4.8,1,17,8/26/2020,正在营业,Tier 1,
110413,广州市,1,早10:00~次日06:00,中泰广场店,4.9,4.8,4.8,4.9,4.9,0,17,8/26/2020,正在营业,Tier 1,8
110416,广州市,1,早10:00~次日07:00,荔胜广场店,4.8,4.8,4.8,4.8,4.9,1,17,8/26/2020,正在营业,Tier 1,8
110432,广州市,1,早10:00~次日05:00,嘉裕太阳城店,4.6,4.6,4.6,4.6,4.7,0,17,8/26/2020,正在营业,Tier 1,
110422,广州市,1,早10:00~次日07:00,恒宝广场店,4.9,4.9,4.8,4.9,4.9,0,17,8/26/2020,正在营业,Tier 1,
110426,广州市,1,早10:00~次日07:00,流花展贸中心店,4.7,4.7,4.7,4.7,4.8,1,17,8/26/2020,正在营业,Tier 1,
110408,广州市,1,早10:00~次日07:00,五号停机坪店,4.8,4.8,4.8,4.8,4.8,0,17,8/26/2020,正在营业,Tier 1,8
110431,广州市,1,早10:00~次日07:00,百德广场店,4.8,4.8,4.9,4.9,4.8,1,17,8/26/2020,正在营业,Tier 1,8
110404,广州市,14,早10:00~次日07:00,机场路店,4.9,4.8,4.9,4.9,4.9,0,17,8/26/2020,暂停营业,Tier 1,
110418,广州市,1,早10:00~次日07:00,白云汇店,4.9,4.8,4.9,4.9,4.9,1,17,8/26/2020,正在营业,Tier 1,
110409,广州市,1,早10:00~次日07:00,金沙洲永旺店,4.8,4.8,4.8,4.9,4.8,1,17,8/26/2020,正在营业,Tier 1,8
110421,广州市,1,早10:00~次日07:00,茶园路店,4.8,4.7,4.8,4.8,4.8,1,17,8/26/2020,正在营业,Tier 1,
110310,深圳市,1,早10:00~次日06:00,金光华店,4.8,4.8,4.8,4.9,4.9,1,17,8/26/2020,正在营业,Tier 1,8
110320,深圳市,1,早9:00~次日07:00,东门茂业店,4.9,4.9,4.9,4.9,4.9,1,17,8/26/2020,正在营业,Tier 1,
110316,深圳市,1,早9:00~次日7:00,新城市广场店,4.9,4.9,4.9,4.9,4.9,1,17,8/26/2020,正在营业,Tier 1,
110345,深圳市,1,早上10:00~次晨07:00,天虹购物中心店,4.9,4.9,4.9,4.9,4.9,1,17,8/26/2020,正在营业,Tier 1,
110306,深圳市,1,早10:00~次日07:00,华强北路店,4.9,4.8,4.9,4.9,4.9,1,17,8/26/2020,正在营业,Tier 1,8
110315,深圳市,1,早10:00~次日07:00,马成广场店,4.9,4.9,4.9,4.9,5.0,1,17,8/26/2020,正在营业,Tier 1,
110302,深圳市,1,早9:00~次日07:00,卓越店,4.8,4.8,4.8,4.8,4.8,0,17,8/26/2020,正在营业,Tier 1,
110333,深圳市,1,早10:00~次日07:00,大中华店,4.8,4.8,4.9,4.8,4.9,1,17,8/26/2020,正在营业,Tier 1,
110331,深圳市,14,早10:00~次日07:00,水贝IBC店,4.9,4.8,4.9,4.9,4.9,0,17,8/26/2020,暂停营业,Tier 1,8
110328,深圳市,1,早9:00~次日07:00,京基KKONE购物中心店,4.8,4.8,4.8,4.8,4.8,1,17,8/26/2020,正在营业,Tier 1,8
110324,深圳市,1,早10:00~次日07:00,丹竹头时光里店,4.9,4.9,4.9,4.9,4.9,1,17,8/26/2020,正在营业,Tier 1,8
110353,深圳市,1,11：00-21:00,欢乐海岸店,4.5,,,,,0,17,8/26/2020,正在营业,Tier 1,
110314,深圳市,1,早11:00~次日07:00,麟恒广场店,4.8,4.6,4.8,4.9,4.7,1,17,8/26/2020,正在营业,Tier 1,8
110341,深圳市,1,早10:30~次日04:00,志健时代广场店,5.0,5.0,5.0,5.0,5.0,1,17,8/26/2020,正在营业,Tier 1,8
110307,深圳市,1,早10:00~次日07:00,上河坊店,4.7,4.6,4.7,4.6,4.7,1,17,8/26/2020,正在营业,Tier 1,8
110336,深圳市,1,早10:00~次日07:00,南山京基百纳广场店,4.8,4.7,4.8,4.8,4.8,1,17,8/26/2020,正在营业,Tier 1,8
110330,深圳市,1,早10:00~次日02:00,8号仓店,4.7,4.6,4.7,4.7,4.7,1,17,8/26/2020,正在营业,Tier 1,8
110322,深圳市,1,早10:00~次日05:00,方大城店,4.9,4.9,4.9,4.9,5.0,1,17,8/26/2020,正在营业,Tier 1,
110346,深圳市,1,早10:00~次日07:00,塘朗城店,4.9,4.9,4.9,4.9,4.9,1,17,8/26/2020,正在营业,Tier 1,
110312,深圳市,1,上午10:00-次日凌晨07:00,佳华领汇店,4.9,4.8,4.9,4.9,4.9,1,17,8/26/2020,正在营业,Tier 1,
110350,深圳市,5,10:00-22:00,太子广场店,4.5,,,,,0,17,8/26/2020,?,Tier 1,8
110325,深圳市,1,早9:00~次日07:00,优城店,4.8,4.8,4.7,4.8,4.8,1,17,8/26/2020,正在营业,Tier 1,8
110319,深圳市,1,早10:00~次日07:00,南山茂业店,4.9,4.8,4.9,4.9,4.8,1,17,8/26/2020,正在营业,Tier 1,
110303,深圳市,1,早10:00~次日07:00,汉京店,4.9,4.9,4.9,4.9,4.9,1,17,8/26/2020,正在营业,Tier 1,
110337,深圳市,1,早9:00~次日07:00,益田假日里店,4.8,4.7,4.9,4.8,4.7,0,17,8/26/2020,正在营业,Tier 1,8
110340,深圳市,1,早9:00~次日07:00,熙璟城店,4.9,4.9,4.9,4.9,5.0,1,17,8/26/2020,正在营业,Tier 1,
110305,深圳市,1,早10:00~次日07:00,龙岗星河店,4.9,4.8,4.9,4.9,4.9,1,17,8/26/2020,正在营业,Tier 1,8
110351,深圳市,1,早10:00~次日07:00,天安云谷店,4.7,4.6,4.8,4.8,4.6,1,17,8/26/2020,正在营业,Tier 1,8
110334,深圳市,1,早10:00~次日07:00,壹方天地店,4.8,4.8,4.8,4.9,4.9,1,17,8/26/2020,正在营业,Tier 1,
110321,深圳市,1,早10:00~次日02:00,AT Mall店,4.5,4.5,4.5,4.5,4.6,1,17,8/26/2020,正在营业,Tier 1,8
110308,深圳市,1,早10:00~次日07:00,粤商中心店,4.8,4.8,4.8,4.9,4.8,1,17,8/26/2020,正在营业,Tier 1,
110344,深圳市,1,早9:00~次日07:00,龙华百佳华店,4.7,4.7,4.8,4.8,4.7,1,17,8/26/2020,正在营业,Tier 1,
110327,深圳市,1,早10:00~次日07:00,保利悦都店,4.9,4.9,4.9,4.9,4.9,1,17,8/26/2020,正在营业,Tier 1,
110335,深圳市,1,早9:00~次日03:00,深圳岁宝百货店,4.9,4.8,5.0,5.0,4.9,1,17,8/26/2020,正在营业,Tier 1,8
110304,深圳市,12,装修升级，停止营业,海雅缤纷店,4.8,4.8,4.8,4.9,4.9,0,17,8/26/2020,装修升级,Tier 1,
110318,深圳市,1,早10:00~次日07:00,海航城店,4.8,4.7,4.8,4.8,4.8,1,17,8/26/2020,正在营业,Tier 1,8
110313,深圳市,1,早10:00~次日07:00,壹方城店,4.9,4.8,4.9,4.8,4.9,1,17,8/26/2020,正在营业,Tier 1,
110342,深圳市,1,早9:00~次日07:00,宝安优城店,4.8,4.8,4.8,4.8,4.8,1,17,8/26/2020,正在营业,Tier 1,
110347,深圳市,1,早9:00~次日07:00,深圳福城天虹店,4.7,4.6,4.8,4.7,4.7,1,17,8/26/2020,正在营业,Tier 1,
110311,深圳市,1,早9:00~次日07:00,宝立方店,4.8,4.7,4.9,4.9,4.8,0,17,8/26/2020,正在营业,Tier 1,
110349,深圳市,1,早9:00~次日 7:00,观澜百佳华店,4.9,4.9,4.9,4.9,4.9,1,17,8/26/2020,正在营业,Tier 1,
110323,深圳市,1,早10:00~次日07:00,观澜湖店,4.8,4.7,4.8,4.8,4.8,1,17,8/26/2020,正在营业,Tier 1,
110309,深圳市,1,早9:00~次日07:00,时代城店,4.8,4.7,4.9,4.8,4.9,1,17,8/26/2020,正在营业,Tier 1,
110348,深圳市,5,早11:00~次日00:00,创维创新谷,4.8,4.8,4.8,4.8,4.9,1,17,8/26/2020,?,Tier 1,8
110326,深圳市,1,早10:00~次日03:00,石岩星城店,4.7,4.7,4.7,4.7,4.7,1,17,8/26/2020,正在营业,Tier 1,
110329,深圳市,1,早9:00~次日07:00,同泰广场店,4.8,4.7,4.9,4.9,4.9,1,17,8/26/2020,正在营业,Tier 1,
110338,深圳市,1,早9:00~次日07:00,光明大仟里店,4.8,4.8,4.8,4.8,4.8,1,17,8/26/2020,正在营业,Tier 1,8
110343,深圳市,1,早10:00~次日7:00,宏发嘉域店,4.8,4.8,4.7,4.8,4.8,0,17,8/26/2020,正在营业,Tier 1,8
110332,深圳市,1,早9:00~次日07:00,沙井京基百纳店,4.7,4.5,4.7,4.7,4.7,1,17,8/26/2020,正在营业,Tier 1,8
110355,深圳市,1,上午10:00-凌晨7:00,松岗百佳华店,4.5,,,,,1,17,8/26/2020,正在营业,Tier 1,
110317,深圳市,1,早9:00~次日早7:00,新沙天虹店,4.9,4.9,4.8,4.9,4.9,1,17,8/26/2020,正在营业,Tier 1,
110502,珠海市,1,早10:30~次日05:00,凤凰南路,4.8,4.8,4.8,4.8,4.8,0,17,8/26/2020,正在营业,Tier 3,8
110504,珠海市,5,早09:00-21:30,钰海万国汇店,4.5,,,,,1,17,8/26/2020,?,Tier 3,
110501,珠海市,1,早10:30~凌晨7：00,摩尔广场店,4.9,4.8,4.8,4.9,4.9,1,17,8/26/2020,正在营业,Tier 3,
110503,珠海市,1,早10:30-次日07:00,斗门大信新都会店,4.7,4.6,4.7,4.7,4.8,1,17,8/26/2020,正在营业,Tier 3,8
131004,汕头市,1,早9:00~次日07:00,东山生活广场店,4.8,4.8,4.9,4.8,4.9,1,17,8/26/2020,正在营业,Tier 3,8
131001,汕头市,1,早9:00-次日凌晨7:00,苏宁广场店,4.8,4.8,4.9,4.9,4.8,1,17,8/26/2020,正在营业,Tier 3,8
131003,汕头市,1,早10:00-次日07:00,群光广场店,4.8,4.7,4.8,4.9,4.9,1,17,8/26/2020,正在营业,Tier 3,
131002,汕头市,1,早9:00~次日07:00,F16购物中心店,4.8,4.7,4.8,4.8,4.8,1,17,8/26/2020,正在营业,Tier 3,8
131005,汕头市,1,早10:00~次日07:00,泰安合胜店,4.7,4.5,4.7,4.7,4.8,1,17,8/26/2020,正在营业,Tier 3,8
131303,佛山市,1,早10:00~次日07:00,大信.新都汇店,4.8,4.8,4.8,4.9,4.8,0,17,8/26/2020,正在营业,Tier 3,
131306,佛山市,1,早10:00~次日07:00,海骏达店,4.8,4.8,4.8,4.8,4.9,1,17,8/26/2020,正在营业,Tier 3,8
131302,佛山市,1,早9:00~次日07:00,天虹购物中心店,4.7,4.6,4.7,4.7,4.7,1,17,8/26/2020,正在营业,Tier 3,
131307,佛山市,1,早10:00~次日07:00,南海万科广场店,4.7,4.6,4.8,4.8,4.8,1,17,8/26/2020,正在营业,Tier 3,8
131311,佛山市,1,早9:00~次日07:00,恒福国际店,4.6,4.6,4.6,4.7,4.6,1,17,8/26/2020,正在营业,Tier 3,8
131312,佛山市,1,早9:00~次日07:00,世博广场店,4.6,4.4,4.7,4.6,4.7,1,17,8/26/2020,正在营业,Tier 3,
131304,佛山市,1,早10:00~次日07:00,ipark店,4.9,4.9,4.9,4.9,4.8,1,17,8/26/2020,正在营业,Tier 3,
131309,佛山市,1,早10:00~次日07:00,中建广场店,4.9,4.8,4.9,4.9,4.9,1,17,8/26/2020,正在营业,Tier 3,8
131313,佛山市,1,早10:00~次日04:00,ICC商业中心店,4.7,4.7,4.7,4.8,4.8,1,17,8/26/2020,正在营业,Tier 3,8
131301,佛山市,1,早9:00~次日07:00,创意园店,4.9,4.8,4.8,4.9,4.9,1,17,8/26/2020,正在营业,Tier 3,
131308,佛山市,1,早10:00~次日07:00,广佛智城店,4.8,4.8,4.8,4.8,4.9,1,17,8/26/2020,正在营业,Tier 3,
131305,佛山市,1,早10:00~次日03:00,永润广场店,5.0,5.0,4.9,4.9,5.0,1,17,8/26/2020,正在营业,Tier 3,
131310,佛山市,1,早9:00~次日07:00,三水新动力广场店,4.8,4.8,4.8,4.8,4.8,1,17,8/26/2020,正在营业,Tier 3,8
111003,江门市,1,早9:00~次日07:00,江门江海广场店,4.8,4.7,4.8,4.8,4.8,1,17,8/26/2020,正在营业,Tier 3,
111001,江门市,1,早10:00~次日07:00,汇悦城店,4.9,4.8,4.9,4.9,4.8,0,17,8/26/2020,正在营业,Tier 3,
111002,江门市,1,早9:00~次日07:00,江门美吉特广场店,4.8,4.8,4.8,4.8,4.8,1,17,8/26/2020,正在营业,Tier 3,8
111501,湛江市,1,早10:00~次日07:00,人民大道南路店,4.8,4.8,4.8,4.9,4.9,0,17,8/26/2020,正在营业,Tier 3,9
111502,湛江市,1,早9:00~次日00:00,兴华购物广场店,4.8,4.8,4.8,4.9,4.9,1,17,8/26/2020,正在营业,Tier 3,
111503,湛江市,1,上午 9:00- 凌晨3:00,大信新都汇店,5.0,5.0,5.0,5.0,5.0,0,17,8/26/2020,正在营业,Tier 3,9
110701,茂名市,1,早11:00~次日07:00,东汇城店,4.6,4.6,4.6,4.7,4.7,0,17,8/26/2020,正在营业,Tier 3,8
112001,肇庆市,1,早10:00~次日05:00,益华国际广场店,4.8,4.7,4.8,4.8,4.8,0,17,8/26/2020,正在营业,Tier 3,
110904,惠州市,1,早10:00~次日07:00,好宜多店,4.8,4.7,4.8,4.8,4.7,1,17,8/26/2020,正在营业,Tier 3,
110903,惠州市,1,早10:00~次日07:00,天益城店,4.6,4.6,4.6,4.6,4.7,1,17,8/26/2020,正在营业,Tier 3,
110902,惠州市,1,10：00-7;00,港惠店,4.8,4.8,4.8,4.9,4.9,1,17,8/26/2020,正在营业,Tier 3,
110901,惠州市,1,早10:00~次日07:00,华贸店,4.8,4.8,4.8,4.8,4.8,1,17,8/26/2020,正在营业,Tier 3,
044301,河源市,1,早10:00~次日07:00,河源坚基购物中心店,4.8,4.7,4.8,4.8,4.8,1,17,8/26/2020,正在营业,Tier 3,8
113701,清远市,1,9:00-次日凌晨7:00,锦绣清城购物广场店,5.0,5.0,5.0,5.0,4.9,1,17,8/26/2020,正在营业,Tier 3,
130406,东莞市,1,早10:00~次日07:00,长安万达店,4.7,4.6,4.7,4.8,4.8,0,17,8/26/2020,正在营业,Tier 3,8
131405,东莞市,1,早9:00~次日07:00,翔龙天地广场店,4.7,4.7,4.8,4.8,4.7,1,17,8/26/2020,正在营业,Tier 3,8
130409,东莞市,1,9:00-03:00,蜂汇广场店,4.5,,,,,1,17,8/26/2020,正在营业,Tier 3,
130401,东莞市,1,早10:00~次日07:00,汇一城店,4.9,4.8,4.9,4.9,4.9,1,17,8/26/2020,正在营业,Tier 3,8
130407,东莞市,1,早10:00~次日07:00,汇勝城店,4.8,4.8,4.8,4.8,4.9,1,17,8/26/2020,正在营业,Tier 3,8
130402,东莞市,1,早10:00~次日07:00,盈锋广场店,4.9,4.8,4.9,4.9,4.9,0,17,8/26/2020,正在营业,Tier 3,8
130404,东莞市,1,早10:00~次日07:00,万江店,4.8,4.7,4.8,4.8,4.8,1,17,8/26/2020,正在营业,Tier 3,8
130403,东莞市,13,早10:00~次日05:00,古梅新天地店,4.8,4.8,4.9,4.8,4.9,1,17,8/26/2020,迁址停业,Tier 3,
111106,中山市,1,上午9：00-次日凌晨7:00,远洋广场店,5.0,5.0,4.8,5.0,5.0,1,17,8/26/2020,正在营业,Tier 3,
111104,中山市,1,早10:00~次日07:00,利和广场店,4.8,4.8,4.8,4.8,4.9,1,17,8/26/2020,正在营业,Tier 3,
111101,中山市,1,早10:00~次日07:00,石岐大信店,4.8,4.7,4.8,4.8,4.8,1,17,8/26/2020,正在营业,Tier 3,
111103,中山市,1,早10:00~次日07:00,汇丰城店,4.7,4.6,4.8,4.8,4.7,1,17,8/26/2020,正在营业,Tier 3,
111102,中山市,1,早10:00~次日07:00,小榄大信店,4.9,4.9,4.9,4.9,4.9,1,17,8/26/2020,正在营业,Tier 3,
133501,揭阳市,1,早10:30~次日07:00,华美中心城店,4.8,4.7,4.8,4.8,4.8,0,17,8/26/2020,正在营业,Tier 3,
131406,南宁市,1,早9:00~次日07:00,盛天地店,4.8,4.8,4.8,4.9,4.9,1,17,8/26/2020,正在营业,Tier 2,
131401,南宁市,1,早10:00~次日07:00,航洋城店,4.9,4.9,4.9,4.9,4.9,1,17,8/26/2020,正在营业,Tier 2,8
131408,南宁市,1,早10:00~次日07:00,方圆荟店,4.9,4.9,4.8,4.9,4.9,1,17,8/26/2020,正在营业,Tier 2,
131409,南宁市,1,早9:00~次日07:00,青秀万达店,4.8,4.7,4.7,4.8,4.8,1,17,8/26/2020,正在营业,Tier 2,8
131410,南宁市,1,早9:00~次日07:00,新梦百货店,4.8,4.8,4.8,4.8,4.8,1,17,8/26/2020,正在营业,Tier 2,8
131404,南宁市,1,早9:00~次日07:00,江宇世纪城店,4.7,4.7,4.7,4.8,4.8,1,17,8/26/2020,正在营业,Tier 2,8
131402,南宁市,1,早10:00~次日07:00,步行街店,4.9,4.8,4.9,4.9,4.9,1,17,8/26/2020,正在营业,Tier 2,8
131403,南宁市,1,早10:00~次日07:00,安吉万达店,4.8,4.8,4.9,4.9,4.8,1,17,8/26/2020,正在营业,Tier 2,8
131407,南宁市,1,早9:00~次日07:00,盛天领域店,4.9,4.9,4.9,4.9,4.9,1,17,8/26/2020,正在营业,Tier 2,8
111203,柳州市,1,早10:00~次日07:00,万达广场店,4.9,4.9,4.9,4.9,4.9,1,17,8/26/2020,正在营业,Tier 3,
111201,柳州市,1,早10:00~次日07:00,步步高店,4.9,4.9,4.9,4.9,4.9,1,17,8/26/2020,正在营业,Tier 3,8
111202,柳州市,1,早10:00~次日07:00,保利广场店,4.8,4.8,4.8,4.9,4.8,1,17,8/26/2020,正在营业,Tier 3,8
111302,桂林市,1,早10:00~次日02:00,万达广场店,4.9,4.8,4.8,4.9,4.8,0,17,8/26/2020,正在营业,Tier 3,
111301,桂林市,1,早10:00~次日02:00,东西巷店,4.9,4.9,4.9,4.9,4.9,1,17,8/26/2020,正在营业,Tier 3,
110803,海口市,1,早10:00~次日07:00,望海国际店,4.9,4.8,4.9,4.9,4.9,1,17,8/26/2020,正在营业,Tier 2,
110802,海口市,1,早10:00~次日07:00,友谊阳光城店,4.9,4.9,4.9,4.9,4.9,1,17,8/26/2020,正在营业,Tier 2,8
110801,海口市,1,早10:00~次日07:00,宜欣城店,4.9,4.8,4.9,4.9,4.9,0,17,8/26/2020,正在营业,Tier 2,
111602,三亚市,5,早11:00~次日00:00,三亚亚龙湾店,4.8,4.7,4.9,4.8,4.9,1,17,8/26/2020,?,Tier 3,
111603,三亚市,1,早10:30~次日03:00,青春颂店,4.7,4.6,4.8,4.7,4.7,1,17,8/26/2020,正在营业,Tier 3,
111601,三亚市,1,早11:00~次日06:00,时代海岸店,4.9,4.8,4.9,4.9,4.8,1,17,8/26/2020,正在营业,Tier 3,
044002,重庆市,1,早10:00~次日07:00,来福士广场店,4.9,4.8,4.8,4.9,4.9,1,15,8/26/2020,正在营业,Tier 2,
044003,重庆市,1,早9:00~次日07:00,万象城店,4.8,4.8,4.8,4.9,4.8,1,15,8/26/2020,正在营业,Tier 2,
044004,重庆市,1,早9:00~次日07:00,龙湖时代天街店,4.8,4.8,4.8,4.8,4.9,1,15,8/26/2020,正在营业,Tier 2,
044001,重庆市,1,早10:00~次日07:00,北城天街广场店,4.8,4.8,4.8,4.8,4.9,1,15,8/26/2020,正在营业,Tier 2,8
044006,重庆市,1,09:00-07:00,财富中心店,4.9,4.8,4.8,4.9,4.9,1,15,8/26/2020,正在营业,Tier 2,8
044009,重庆市,1,早10:00~次日凌晨07:00,重庆龙湖源著店,5.0,5.0,5.0,5.0,5.0,1,15,8/26/2020,正在营业,Tier 2,
030401,成都市,1,早10:00~次日03:00,旭海广场店,4.8,4.8,4.8,4.8,4.9,1,17,8/26/2020,正在营业,Tier 2,
041004,成都市,1,早10:30~次日03:00,世豪广场店,4.9,4.9,4.9,4.9,4.9,1,17,8/26/2020,正在营业,Tier 2,
041012,成都市,1,早9:00~次日03:00,凯德天府店,4.8,4.9,4.8,4.8,4.9,1,17,8/26/2020,正在营业,Tier 2,
041016,成都市,1,早10:00~次日03:00,仁和新城店,4.9,4.9,4.9,5.0,4.9,1,17,8/26/2020,正在营业,Tier 2,
041010,成都市,1,早9:00~次日07:00,王府井店,4.8,4.7,4.8,4.8,4.8,1,17,8/26/2020,正在营业,Tier 2,
041001,成都市,1,早10:30~次日07:00,阳光新业店,4.8,4.8,4.9,4.8,4.8,1,17,8/26/2020,正在营业,Tier 2,
041002,成都市,1,10:30-22:00,龙湖三千集店,5.0,5.0,5.0,5.0,5.0,0,17,8/26/2020,正在营业,Tier 2,
041008,成都市,1,早11:00~次日07:00,群光广场店,4.8,4.8,4.8,4.9,4.9,0,17,8/26/2020,正在营业,Tier 2,
041006,成都市,1,早10:00~次日07:00,财富中心店,4.9,4.9,4.9,4.9,5.0,1,17,8/26/2020,正在营业,Tier 2,
041007,成都市,1,早10:30~次日03:00,红牌楼店,4.9,4.8,4.9,4.9,4.9,1,17,8/26/2020,正在营业,Tier 2,
041009,成都市,1,早10:00~次日03:00,大悦城店,4.8,4.8,4.8,4.9,4.8,1,17,8/26/2020,正在营业,Tier 2,
041011,成都市,1,早10:00~次日03:00,成都金牛龙湖北城天街店,4.9,4.9,4.9,4.9,4.9,1,17,8/26/2020,正在营业,Tier 2,
041013,成都市,1,早10:30~次日03:00,七一国际广场店,4.8,4.8,4.8,4.9,4.8,1,17,8/26/2020,正在营业,Tier 2,
041005,成都市,1,早10:00~次日03:00,金楠天街店,4.7,4.8,4.7,4.8,4.7,0,17,8/26/2020,正在营业,Tier 2,
041003,成都市,1,早10:30~次日03:00,金牛凯德店,4.9,4.9,4.9,4.9,4.9,1,17,8/26/2020,正在营业,Tier 2,
041017,成都市,1,早9:00~次日07:00,新光天地店,4.8,4.7,4.8,4.9,4.8,1,17,8/26/2020,正在营业,Tier 2,
132606,贵阳市,1,早10:00~次日07:00,花溪万科店,4.7,4.7,4.8,4.8,4.7,1,17,8/26/2020,正在营业,Tier 2,
132605,贵阳市,1,早10:00~次日07:00,汇安中心店,4.9,4.9,4.9,4.9,4.8,1,17,8/26/2020,正在营业,Tier 2,
132607,贵阳市,1,早10:00~次日07:00,益田假日店,4.8,4.8,4.8,4.9,4.8,1,17,8/26/2020,正在营业,Tier 2,8
132601,贵阳市,1,早11:00~次日07:00,汇金广场店,4.8,4.7,4.8,4.8,4.8,0,17,8/26/2020,正在营业,Tier 2,8
132602,贵阳市,1,早9:00~次日07:00,世纪金源店,4.9,4.9,4.9,4.9,4.8,1,17,8/26/2020,正在营业,Tier 2,
132604,贵阳市,1,早10:00~次日03:00,云上方舟店,4.9,4.9,4.9,4.9,4.9,1,17,8/26/2020,正在营业,Tier 2,8
132608,贵阳市,1,早9:00~次日07:00,七冶云泰广场店,4.8,4.8,4.7,4.7,4.9,0,17,8/26/2020,正在营业,Tier 2,
110607,昆明市,1,早10:00~次日03:00,彩云南路店,4.8,4.7,4.8,4.8,4.8,1,17,8/26/2020,正在营业,Tier 2,
110605,昆明市,1,早10:00~次日07:00,金源大道店,4.8,4.9,4.8,4.9,4.9,1,17,8/26/2020,正在营业,Tier 2,8
110611,昆明市,1,早9:00~次日07:00,白云路爱琴海店,4.9,4.8,4.9,4.9,5.0,1,17,8/26/2020,正在营业,Tier 2,
110612,昆明市,1,早10:00~次日07:00,南悦城店,4.9,4.9,4.9,4.9,4.9,1,17,8/26/2020,正在营业,Tier 2,
110610,昆明市,1,早10:00~次日07:00,七彩俊园店,4.9,4.9,4.9,4.9,4.9,1,17,8/26/2020,正在营业,Tier 2,
110604,昆明市,1,早9:00~次日07:00,欣都龙城店,4.8,4.9,4.8,4.8,4.9,1,17,8/26/2020,正在营业,Tier 2,
110601,昆明市,1,早9:00~次日07:00,同德广场店,4.9,4.9,4.9,4.9,4.9,1,17,8/26/2020,正在营业,Tier 2,
110609,昆明市,1,早9:00~次日07:00,大悦城店,4.9,4.9,4.9,4.9,4.9,1,17,8/26/2020,正在营业,Tier 2,
110603,昆明市,1,早9:00~次日07:00,金鹰广场店,4.9,4.8,4.9,4.9,4.9,1,17,8/26/2020,正在营业,Tier 2,
110606,昆明市,1,早10:00~次日07:00,顺城购物中心店,4.6,4.5,4.6,4.6,4.5,1,17,8/26/2020,正在营业,Tier 2,
110602,昆明市,1,早9:00~次日07:00,滇池路店,4.8,4.8,4.8,4.8,4.8,1,17,8/26/2020,正在营业,Tier 2,
110608,昆明市,1,早10:00~次日07:00,吾悦广场店,4.9,4.9,4.8,4.9,4.9,1,17,8/26/2020,正在营业,Tier 2,
113001,丽江市,1,早10:00~次日05:00,国际购物广场店,4.9,4.9,4.8,4.9,4.9,0,17,8/26/2020,正在营业,Tier 3,8
111402,大理市,1,上午9：00—次日凌晨05:00,中红海峡广场店,5.0,5.0,5.0,5.0,5.0,1,17,8/26/2020,正在营业,Tier 3,
111401,大理市,1,早10:00~次日07:00,泰业国际店,4.9,4.9,4.9,4.9,4.9,1,17,8/26/2020,正在营业,Tier 3,
470103,印尼,1,11:00AM- 8:00PM,Mall Grand Indonesia,4.5,,,,,-1,15,8/26/2020,正在营业,International,
470101,印尼,1,11:00AM- 8:00PM,Gandaria City Mall,4.5,,,,,-1,15,8/26/2020,正在营业,International,
470102,印尼,1,11:00AM- 8:00PM,Mall Taman AB,4.5,,,,,-1,15,8/26/2020,正在营业,International,
050130,西安市,1,早10:00~次日07:00,万众国际店,4.8,4.8,4.8,4.9,4.8,1,15,8/26/2020,正在营业,Tier 2,
050131,西安市,1,早10:30~次日07:00,南飞鸿广场店,4.9,4.9,4.9,4.9,4.8,1,15,8/26/2020,正在营业,Tier 2,8
050129,西安市,1,早11:00~次日03:00,曲江创意谷店,4.8,4.7,4.8,4.8,4.8,1,15,8/26/2020,正在营业,Tier 2,
050125,西安市,1,早9:00~次日07:00,长庆坊店,4.9,4.9,4.9,4.9,4.9,1,15,8/26/2020,正在营业,Tier 2,
050108,西安市,1,早9:00~次日07:00,雁南路店,4.9,4.9,4.9,4.9,4.9,0,15,8/26/2020,正在营业,Tier 2,8
050133,西安市,1,早10:00~次日07:00,益田假日里店,4.8,4.8,4.8,4.8,4.8,1,15,8/26/2020,正在营业,Tier 2,
050111,西安市,1,早10:00~次日07:00,赛格店,4.8,4.8,4.8,4.9,4.9,0,15,8/26/2020,正在营业,Tier 2,
050135,西安市,1,早10:00~次日07:00,MOMOPARK店,4.8,4.8,4.9,4.9,4.8,1,15,8/26/2020,正在营业,Tier 2,8
050127,西安市,1,早10:00~次日03:00,兰岛广场店,4.8,4.8,4.8,4.8,4.8,1,15,8/26/2020,正在营业,Tier 2,
050106,西安市,1,早9:00~次日07:00,金花路店,4.9,4.9,4.9,4.9,4.9,1,15,8/26/2020,正在营业,Tier 2,
050122,西安市,1,早10:00~次日03:00,万达广场店,4.8,4.7,4.8,4.8,4.8,1,15,8/26/2020,正在营业,Tier 2,
050119,西安市,1,早9:30~次日07:00,凯德广场店,4.9,4.9,4.9,4.9,4.9,0,15,8/26/2020,正在营业,Tier 2,8
050146,西安市,1,早9:00~次日07:00,李家村万达店,4.8,4.7,4.8,4.8,4.8,1,15,8/26/2020,正在营业,Tier 2,
050148,西安市,1,上午10：30-次日凌晨7：00,太白印象城店,4.9,4.9,4.8,4.9,4.9,1,15,8/26/2020,正在营业,Tier 2,
050134,西安市,1,早10:00~次日07:00,御锦城店,4.7,4.7,4.8,4.8,4.7,1,15,8/26/2020,正在营业,Tier 2,
050150,西安市,15,09:00-07:00,王府井店,4.5,,,,,0,15,8/26/2020,试运 营,Tier 2,8
050132,西安市,1,早10:00~次日07:00,长乐大厦店,4.8,4.8,4.9,4.9,4.9,1,15,8/26/2020,正在营业,Tier 2,
050107,西安市,1,早10:00~次日07:00,解放路店,4.8,4.8,4.9,4.9,4.8,1,15,8/26/2020,正在营业,Tier 2,
050102,西安市,1,早09:00~次日07:00,高新店,4.9,4.9,4.9,4.9,4.9,1,15,8/26/2020,正在营业,Tier 2,
050118,西安市,1,早10:30~次日07:00,钟楼银泰店,4.8,4.8,4.8,4.9,4.9,0,15,8/26/2020,正在营业,Tier 2,
050139,西安市,1,早10:00~次日04:00,大唐西市店,4.9,4.8,4.9,4.9,4.9,1,15,8/26/2020,正在营业,Tier 2,
050113,西安市,1,早10:00~次日05:00,万和城店,4.7,4.7,4.8,4.8,4.8,1,15,8/26/2020,正在营业,Tier 2,
050123,西安市,1,早10:00~次日07:00,晶鑫广场店,4.9,4.9,4.9,4.9,4.9,0,15,8/26/2020,正在营业,Tier 2,
050112,西安市,1,早10:00~次日07:00,开元店,4.9,4.8,4.9,4.9,4.9,1,15,8/26/2020,正在营业,Tier 2,
050141,西安市,1,早9:00~次日07:00,大华1935店,4.9,4.8,4.9,4.9,4.9,1,15,8/26/2020,正在营业,Tier 2,
050138,西安市,1,早10:00~次日00:00,悦荣荟店,4.8,4.7,4.8,4.8,4.8,1,15,8/26/2020,正在营业,Tier 2,
050143,西安市,1,早10:00~次日07:00,悦邻荟店,4.9,4.8,4.9,4.9,4.9,1,15,8/26/2020,正在营业,Tier 2,8
050140,西安市,1,早10:00~次日07:00,吾悦广场店,4.8,4.8,4.8,4.8,4.8,1,15,8/26/2020,正在营业,Tier 2,
050115,西安市,1,早10:00~次日07:00,印象城店,4.9,4.8,4.9,4.9,4.9,1,15,8/26/2020,正在营业,Tier 2,
050117,西安市,1,早10:30~次日07:00,老城根店,4.8,4.8,4.9,4.9,4.9,1,15,8/26/2020,正在营业,Tier 2,
050136,西安市,1,早9:00~次日07:00,太奥广场店,4.8,4.8,4.8,4.8,4.9,1,15,8/26/2020,正在营业,Tier 2,8
050120,西安市,1,早10:00~次日07:00,大明宫店,4.8,4.8,4.8,4.8,4.8,1,15,8/26/2020,正在营业,Tier 2,
050105,西安市,1,早10:00~次日07:00,经开店,4.8,4.8,4.8,4.9,4.9,1,15,8/26/2020,正在营业,Tier 2,
050121,西安市,1,早9:00~次日07:00,三桥万象城店,4.9,4.9,4.9,4.9,4.9,1,15,8/26/2020,正在营业,Tier 2,
050124,西安市,1,早10:00~次日03:00,大融城店,4.9,4.8,4.9,4.9,4.9,0,15,8/26/2020,正在营业,Tier 2,8
050110,西安市,1,早09:00~次日07:00,文景店,4.9,4.8,4.9,4.8,4.9,0,15,8/26/2020,正在营业,Tier 2,
050145,西安市,1,早10:30~次日07:00,嘉园国际广场店,4.9,4.9,4.9,4.9,4.9,1,15,8/26/2020,正在营业,Tier 2,
054401,铜川市,1,10:00-次日凌晨03:00,荣盛广场店,4.8,4.8,4.8,4.8,4.9,1,15,8/26/2020,正在营业,Tier 3,
050128,宝鸡市,1,早10:30~次日7：00,高新大道店,4.9,4.8,4.9,4.9,4.9,1,15,8/26/2020,正在营业,Tier 3,8
050116,宝鸡市,1,早10:30~次日07:00,宝鸡银泰店,4.8,4.8,4.8,4.8,4.8,1,15,8/26/2020,正在营业,Tier 3,
050137,宝鸡市,1,早10:00~次日07:00,宝鸡开元商城店,4.9,4.9,4.9,4.9,4.9,1,15,8/26/2020,正在营业,Tier 3,
050601,咸阳市,1,早10:00~次日08:00,大唐店,4.9,4.9,4.9,4.9,4.9,1,15,8/26/2020,正在营业,Tier 3,
050602,咸阳市,1,早10:00~次日07:00,万达广场,4.9,4.8,4.9,4.9,4.9,0,15,8/26/2020,正在营业,Tier 3,
132402,渭南市,1,早10:00~次日07:00,前进路店,4.9,4.9,4.9,4.9,4.9,1,15,8/26/2020,正在营业,Tier 3,
132401,渭南市,1,早10:00~次日07:00,万达广场店,4.9,4.9,4.9,4.9,4.9,0,15,8/26/2020,正在营业,Tier 3,8
050701,延安市,1,早9:00~次日07:00,万达店,4.8,4.7,4.8,4.8,4.8,1,15,8/26/2020,正在营业,Tier 3,
050702,延安市,1,早10:00~次日07:00,东大上品店,4.8,4.8,4.8,4.9,4.9,1,15,8/26/2020,正在营业,Tier 3,
051201,汉中市,1,早11:00~次日03:00,吾悦广场店,4.9,4.9,4.9,4.9,4.9,1,15,8/26/2020,正在营业,Tier 3,
051401,榆林市,1,早10:00~次日3:00,榆星广场店,4.8,4.7,4.8,4.8,4.8,0,15,8/26/2020,正在营业,Tier 3,
051301,安康市,1,早11:00~次日07:00,万乐城店,4.8,4.7,4.9,4.8,4.8,1,15,8/26/2020,正在营业,Tier 3,
050505,兰州市,1,早10:30~次日00:00,东瓯世贸广场店,4.9,4.9,4.9,4.9,4.9,1,15,8/26/2020,正在营业,Tier 2,8
050504,兰州市,1,早10:30~次日02:00,欣大百货店,4.9,4.9,4.9,5.0,4.9,1,15,8/26/2020,正在营业,Tier 2,
050501,兰州市,1,早10:00~次日07:00,国芳百货店,4.9,4.9,4.9,4.9,4.9,1,15,8/26/2020,正在营业,Tier 2,
050507,兰州市,1,早10:30~次日03:00,南关店,4.8,4.7,4.8,4.8,4.8,1,15,8/26/2020,正在营业,Tier 2,8
050502,兰州市,1,早9:00~次日03:00,亚欧店,4.8,4.8,4.8,4.8,4.8,0,15,8/26/2020,正在营业,Tier 2,
050503,兰州市,1,早10:00~次日07:00,兰州中心店,4.8,4.8,4.8,4.8,4.8,1,15,8/26/2020,正在营业,Tier 2,
050506,兰州市,1,早10:30~次日03:00,兰州鼎泰中汇店,4.9,4.8,4.9,4.9,4.9,1,15,8/26/2020,正在营业,Tier 2,
055001,庆阳市,1,9:00-次日07:00,东方丽晶茂店,4.7,4.6,4.8,4.7,4.6,0,15,8/26/2020,正在营业,Tier 3,
133603,西宁市,1,早10:30~次日02:00,新千王府井店,4.8,4.8,4.9,4.8,4.9,1,15,8/26/2020,正在营业,Tier 2,
133602,西宁市,1,早10:00~次日07:00,国芳百货店,4.9,4.8,4.9,4.9,4.9,1,15,8/26/2020,正在营业,Tier 2,
133601,西宁市,1,早10:00~次日07:00,美伦城市广场店,4.7,4.5,4.7,4.7,4.7,1,15,8/26/2020,正在营业,Tier 2,
131501,银川市,1,早10:00~次日07:00,王府井店,4.9,4.9,4.9,4.9,4.9,1,15,8/26/2020,正在营业,Tier 2,
131504,银川市,1,早10:00~次日凌晨 7:00,康平路店,4.8,4.8,4.8,4.9,4.9,1,15,8/26/2020,正在营业,Tier 2,
131503,银川市,1,早10:00~次日03:00,建发大阅城店,4.9,4.9,4.9,4.9,4.9,1,15,8/26/2020,正在营业,Tier 2,
131502,银川市,1,早10:00~次日03:00,新华联店,4.9,4.8,4.9,4.9,4.9,1,15,8/26/2020,正在营业,Tier 2,
131505,银川市,1,早10:00~次日03:00,宁阳广场店,4.8,4.8,4.8,4.8,4.9,1,15,8/26/2020,正在营业,Tier 2,
240111,台北,1,,台南Focus店,4.5,,,,,-1,15,8/26/2020,正在营业,Tier 3,
240105,台北,1,上午11點  到  次日凌晨3點,京站店,4.5,,,,,-1,15,8/26/2020,正在营业,Tier 3,
240106,台北,1,上午11點  到  次日凌晨4點,慶城店,4.5,,,,,-1,15,8/26/2020,正在营业,Tier 3,
240101,台北,1,上午11點  到  次日凌晨4點,信義店,4.5,,,,,-1,15,8/26/2020,正在营业,Tier 3,
240102,新北,1,上午11點  到  次日凌晨3點,板橋店,4.5,,,,,-1,15,8/26/2020,正在营业,Tier 3,
240103,台中,1,上午11點  到  次日凌晨3點,台中店,4.5,,,,,-1,15,8/26/2020,正在营业,Tier 3,
240110,台中,1,上午11點  到  次日凌晨4點,中友百货店,4.5,,,,,-1,15,8/26/2020,正在营业,Tier 3,
240109,桃园,1,上午11點  到  次日凌晨4點,桃园统领广场店,4.5,,,,,-1,15,8/26/2020,正在营业,Tier 3,
240108,桃园,1,上午11點  到  次日凌晨3點,桃園台茂店,4.5,,,,,-1,15,8/26/2020,正在营业,Tier 3,
240107,高雄,1,上午11點  到  次日凌晨4點,汉神巨蛋店,4.5,,,,,-1,15,8/26/2020,正在营业,Tier 3,
240112,高雄,1,11:00AM-03:00AM,高雄市苓雅区,4.5,,,,,-1,15,8/26/2020,正在营业,Tier 3,
240104,新竹,1,上午11點  到  次日凌晨3點,新竹店,4.5,,,,,-1,15,8/26/2020,正在营业,Tier 3,
280103,香港,1,10:00AM-07:00AM,尖沙咀店,4.5,,,,,-1,15,8/26/2020,正在营业,Tier 3,
280101,香港,1,09:00AM-07:00AM,油麻地店,4.5,,,,,-1,15,8/26/2020,正在营业,Tier 3,
280102,香港,1,10:00AM-07:00AM,銅鑼灣店,4.5,,,,,-1,15,8/26/2020,正在营业,Tier 3,
280104,香港,1,10:00AM-07:00AM,海之恋商场店,4.5,,,,,-1,15,8/26/2020,正在营业,Tier 3,
450101,澳门,1,10:00AM-08:00AM,金沙城中心店,4.5,,,,,-1,15,8/26/2020,正在营业,Tier 3,
140206,新加坡市,1,早10:30AM~次日06:00AM,Sun Plaza店,4.5,,,,,1,15,8/26/2020,正在营业,International,
140205,新加坡市,1,10:30AM-06:00AM,The Seletar Mall店,4.5,,,,,1,15,8/26/2020,正在营业,International,
140208,新加坡市,1,早10:30AM~次日06:00AM,Century Square店,4.5,,,,,1,15,8/26/2020,正在营业,International,
140103,新加坡市,1,早10:30AM~次日06:00AM,Bedok Mall店,4.5,,,,,1,15,8/26/2020,正在营业,International,
140203,新加坡市,1,早10:30AM~次日06:00AM,Novena店,4.5,,,,,1,15,8/26/2020,正在营业,International,
140204,新加坡市,1,早10:30AM~次日06:00AM,PlazaSingapura店,4.5,,,,,1,15,8/26/2020,正在营业,International,
140102,新加坡市,1,早10:30AM~次日06:00AM,313店,4.5,,,,,1,15,8/26/2020,正在营业,International,
140101,新加坡市,1,早10:30AM~次日06:00AM,Clarke Quay店,4.5,,,,,1,15,8/26/2020,正在营业,International,
140201,新加坡市,1,早10:30AM~次日06:00AM,IMM店,4.5,,,,,1,15,8/26/2020,正在营业,International,
140202,新加坡市,1,早10:30AM~次日06:00AM,Vivo City店,4.5,,,,,1,15,8/26/2020,正在营业,International,
140207,新加坡市,1,10:30AM-06:00AM,Paya Lebar Quarter B,4.5,,,,,1,15,8/26/2020,正在营业,International,
140209,新加坡市,1,10:30AM-06:00AM,Marina Square Branch,4.5,,,,,1,15,8/26/2020,正在营业,International,
150407,洛杉矶市,1,周日-周四 11:00-23:00 ; 周五-周六 11:00-24:00,Fremont Brunch,4.5,,,,,-1,15,8/26/2020,正在营业,International,
150403,洛杉矶市,1,11:30AM-9:30PM,Puente Hills Branch,4.5,,,,,-1,15,8/26/2020,正在营业,International,
150409,洛杉矶市,1,11:00AM-8:30PM,Century City Branch,4.5,,,,,-1,15,8/26/2020,正在营业,International,
150402,洛杉矶市,1,早11:30AM~3:00PM; 5:00PM~早9:00PM,洛杉矶Arcadia店,4.5,,,,,-1,15,8/26/2020,正在营业,International,
150404,洛杉矶市,1,早11:00AM~9:30PM,洛杉矶Irvine店,4.5,,,,,-1,15,8/26/2020,正在营业,International,
150405,旧金山,1,早11:00AM~早11:00PM,旧金山Cupertino店,4.5,,,,,-1,15,8/26/2020,正在营业,International,
150408,纽约,1,周日-周四 11:00-23:00 ; 周五-周六 11:00-24:00,Flushing Branch,4.5,,,,,-1,15,8/26/2020,正在营业,International,
220103,大阪,1,11:00AM-06:00AM,大阪心斋桥店,4.5,,,,,-1,15,8/26/2020,正在营业,International,
220104,千叶,1,11:00AM-08:00PM,东京幕张店,4.5,,,,,-1,15,8/26/2020,正在营业,International,
220108,福冈市,1,,福冈店,4.5,,,,,-1,17,8/26/2020,正在营业,International,
220105,东京市,1,11:00AM-06:00AM,神户三宫,4.5,,,,,-1,15,8/26/2020,正在营业,International,
220102,东京市,1,早11:00AM~次日06:00AM,新宿店,4.5,,,,,-1,15,8/26/2020,正在营业,International,
220101,东京市,1,早11:00AM~次日06:00AM,池袋店,4.5,,,,,-1,15,8/26/2020,正在营业,International,
220107,东京市,1,11:00AM-10:00PM,町田店,4.5,,,,,-1,15,8/26/2020,正在营业,International,
